1023;Ghiles;Lebrun;Vedette Zone;551 ACADIE FRELIGHSBURG  québec;1992-08-28
1024;Ghazi;Navarro;Idées Politiques;760 ACADIE MONTREAL québec;1992-11-10
1025;Vladislas;Rey;Monsieur sur son 36;696 ACADIE NOMININGUE québec;1998-06-28
1026;Veira;Cousin;La famille;788 ACADIE MONTREAL québec;1998-08-04
1027;Yan;Robin;Monsieur sur son 36;857 ACADIE WENWORTH québec;2000-05-16
1028;Faïssal;Leclerc;La semaine hebdo;785 ACADIE LAVAL québec;2007-08-30
1029;Théleau;Marie;Chasse et pêche Laurentienne;835 ADAM MONTREAL québec;1995-06-20
1030;Maevane;Gay;La semaine hebdo;790 ADAM MONTREAL québec;1995-10-27
1031;Mamadi;Robert;Monsieur sur son 36;870 ADAM FRELIGHSBURG québec;1996-10-02
1032;Marc;Lucas;La semaine hebdo;711 ADAM LAVAL québec;1996-12-13
1033;Pakito;Roche;Monsieur sur son 36;986 ADAM WENWORTH québec;2001-09-21
1034;Berta;Fortier;La semaine hebdo;645 ADAM NOMININGUE québec;2005-09-07
1035;Debbie;Faure;Vedette Zone;1033 AHUNTSIC MONTREAL québec;1995-09-14
1036;Bendita;Fortier;La semaine hebdo;905 AHUNTSIC LAVAL québec;1996-09-03
1037;Valeska;Fabre;Vedette Zone;976 AHUNTSIC WATERLOO québec;1998-07-31
1038;Telesforo;Langevin;La famille;782 AHUNTSIC NOMININGUE québec;2001-01-09
1039;Adalard;Meunier;Idées Politiques;979 AHUNTSIC MONTREAL québec;2001-09-20
1040;Téo;Juteau;L'argent et vous;653 AHUNTSIC FERME-NEUVE québec;2005-02-11
1041;Patrizio;Langevin;L'argent et vous;922 AIRD LAVAL québec;1993-09-15
1042;Maëlisse;Coallier;Elle et Lui;547 AIRD MONTREAL québec;1995-01-03
1043;Victoriano;Juteau;L'argent et vous;948 AIRD FERME-NEUVE québec;1998-10-15
1044;Peio;Langevin;La famille;844 AIRD MONTREAL québec;2005-11-23
1045;Catherine;Desjardins;Santé et beauté;715 AIRD VILLE-MARIE québec;2006-05-11
1046;Deana;Bousquet;Elles et elle;905 AIRD NEW YORK new york Etats-Unis;2006-07-06
1047;Gery;Sanchez;Camping;993 ALMA NEW YORK new york Etats-Unis;1991-01-21
1048;Damielle;Boyer;Elles et elle;586 ALMA LAVAL québec;2000-05-29
1049;Bernadette;Bureau;Elle et Lui;570 ALMA VERCHÈRES  québec;2002-07-07
1050;Viktoria;Carre;Elle et Lui;796 ALMA MONTREAL québec;2005-07-31
1051;Fallon;Dupre;Vedette Zone;618 ALMA MONTREAL québec;2007-11-23
1052;Yan;Royer;Camping;679 ALMA FERME-NEUVE québec;2008-12-13
1053;Danicka;Breton;Elles et elle;936 AMHERST MONTREAL québec;1991-09-30
1054;Caroline;Fortier;La semaine hebdo;863 AMHERST LAVAL québec;1992-07-09
1055;Mathieu;Peltier;Idées Politiques;757 AMHERST MONTREAL québec;1998-05-08
1056;Judith;Bélanger;L'argent et vous;780 AMHERST VERCHÈRES  québec;1998-09-13
1057;Catherine;Fortier;Vedette Zone;625 AMHERST FERME-NEUVE québec;2005-02-25
1058;Mathieu;Martel;Chasse et pêche Laurentienne;766 AMHERST NEW YORK new york Etats-Unis;2007-10-31
1059;Peit;Mahe;La semaine hebdo;754 ARCAND MONTREAL québec;1990-07-06
1060;Judith;Garnier;La semaine hebdo;739 ARCAND LAVAL québec;1993-03-28
1061;Vico;Guichard;Elle et Lui;652 ARCAND MONTREAL québec;1999-08-24
1062;Maëlwenn;Benard;L'argent et vous;880 ARCAND FERME-NEUVE québec;2003-05-27
1063;Marc;Richard;Monsieur sur son 36;1018 ARCAND NEW YORK new york Etats-Unis;2004-12-07
1064;Tam;Juteau;L'argent et vous;708 ARCAND VENISE-EN-QUÉBEC québec;2005-02-02
1065;Faruk;Leclercq;La semaine hebdo;979 ASSOMPTION LAVAL québec;1994-03-08
1066;Fatimata;Caron;Elle et Lui;692 ASSOMPTION MONTREAL québec;1994-07-21
1067;Maïeul;Pelletier;Idées Politiques;922 ASSOMPTION MONTREAL québec;1998-12-17
1068;Mano;Lacroix;L'argent et vous;977 ASSOMPTION MONT-TREMBLANT  québec;2004-05-03
1069;Fanny;Dupuy;Vedette Zone;800 ASSOMPTION FERME-NEUVE québec;2004-09-18
1070;Teva;Marie;Chasse et pêche Laurentienne;974 ASSOMPTION VAUDREUIL-DORION québec;2006-03-15
1071;Isabelle;Bertin;Madame d'Aujourd'hui;786 ATWATER MONTREAL québec;1992-01-13
1072;Marcello;Laine;L'argent et vous;672 ATWATER MONTREAL québec;1994-01-05
1073;Pakota;Guillet;Santé et beauté;760 ATWATER LAVAL québec;1994-08-18
1074;Adei;Maisonneuve;Chasse et pêche Laurentienne;904 ATWATER MONT-TREMBLANT  québec;2003-02-23
1075;Isabelle;Fortier;La semaine hebdo;1002 ATWATER VANCOUVER Colombie-britanique;2005-05-02
1076;Thaï;Juteau;L'argent et vous;767 ATWATER FERME-NEUVE québec;2007-04-10
1077;Catherine;Daniel;La famille;550 AYLMER FARNHAM québec;1990-11-19
1078;Mahaut;Bisson;Madame d'Aujourd'hui;871 AYLMER LAVAL québec;1994-10-22
1079;Aldric;Langevin;La famille;677 AYLMER VANCOUVER Colombie-britanique;1999-06-12
1080;Catherine;Bernier;Madame d'Aujourd'hui;870 AYLMER MONTREAL québec;2002-10-07
1081;Mathieu;Langevin;Santé et beauté;926 AYLMER MONTREAL québec;2003-11-26
1082;Peregrin;Maury;Chasse et pêche Laurentienne;779 AYLMER MONT-TREMBLANT  québec;2004-06-05
1083;Maï;Dandurand;La famille;655 AYLWIN LAVAL québec;1993-05-15
1084;Marcial;Langevin;La famille;903 AYLWIN MONT-TREMBLANT  québec;1993-05-20
1085;Damiane;Chevalier;Elle et Lui;723 AYLWIN VANCOUVER Colombie-britanique;1993-06-05
1086;Gilbert;Lefort;La semaine hebdo;629 AYLWIN MONTREAL québec;1999-03-02
1087;Faël;Morel;Idées Politiques;1021 AYLWIN MONTREAL québec;2000-11-01
1088;Paulo;Vidal;As et Joker;562 AYLWIN FARNHAM québec;2001-02-13
1089;Marie-Pierre;Desjardins;Santé et beauté;738 BALDWIN MONTREAL québec;1990-09-04
1090;Felicity;Desjardins;Santé et beauté;898 BALDWIN VAL-D'OR québec;1994-06-01
1091;Valentine;Durand;Vedette Zone;735 BALDWIN MONT-TREMBLANT  québec;1997-07-20
1092;Patrick;Reynaud;Monsieur sur son 36;649 BALDWIN ÉPIPHANIE  québec;2001-11-06
1093;Maddox;St-Amour;Camping;584 BALDWIN LAVAL québec;2002-07-31
1094;Catherine;Chauvet;Elle et Lui;884 BALDWIN MONTREAL québec;2005-09-28
1095;Théodosio;Marie;Chasse et pêche Laurentienne;703 BASILE-ROUTHIER MONTREAL québec;1992-01-29
1096;Peire;Rodriguez;Monsieur sur son 36;703 BASILE-ROUTHIER MONTREAL québec;1998-12-19
1097;Akram;Leclerc;La semaine hebdo;903 BASILE-ROUTHIER EDMONTON alberta;2004-01-19
1098;Maëlyss;Bazin;L'argent et vous;893 BASILE-ROUTHIER VAL-DAVID  québec;2006-08-14
1099;Ghaïs;Juteau;L'argent et vous;810 BASILE-ROUTHIER LAVAL québec;2008-02-18
1100;Mae;Bureau;Elles et elle;803 BASILE-ROUTHIER MONT-TREMBLANT  québec;2008-11-15
1101;Berthilde;Gerard;Chasse et pêche Laurentienne;718 BEAUBIEN MONT-TREMBLANT  québec;1997-04-21
1102;Fatima-Zahra;Bernier;Madame d'Aujourd'hui;850 BEAUBIEN VAL-DAVID  québec;1997-08-16
1103;Caroline;Fleury;Vedette Zone;818 BEAUBIEN LAVAL québec;1997-09-29
1104;Pero;Rousseau;Monsieur sur son 36;1007 BEAUBIEN MONTREAL québec;1998-12-12
1105;Patrick;Langevin;Santé et beauté;694 BEAUBIEN EDMONTON alberta;2000-10-23
1106;Vanou;Aubry;L'argent et vous;686 BEAUBIEN MONTREAL québec;2001-12-26
1107;Marc-Alexandre;Leclerc;Vedette Zone;792 BEAUDRY EAST HEREFORD québec;1992-01-31
1108;Marie-Pierre;Andre;L'argent et vous;993 BEAUDRY MONTREAL québec;1993-01-04
1109;Vladan;Nguyen;Idées Politiques;718 BEAUDRY MONTREAL québec;1996-02-17
1110;Adile;Poirier;Monsieur sur son 36;549 BEAUDRY LAVAL québec;1999-05-24
1111;Bernarde;Albert;L'argent et vous;938 BEAUDRY VAL-DAVID québec;2004-01-05
1112;Barbe;Coallier;La famille;609 BEAUDRY MONT-TREMBLANT  québec;2005-05-23
1113;Malvin;Robert;Monsieur sur son 36;1007 BEAVER HALL LAVAL québec;1993-02-17
1114;Patrick;Martel;Chasse et pêche Laurentienne;779 BEAVER HALL MONTREAL québec;1994-09-03
1115;Delorès;Boyer;Elles et elle;852 BEAVER HALL DUPUY québec;1994-09-04
1116;Fannette;Allain;L'argent et vous;621 BEAVER HALL MONTREAL québec;1997-08-19
1117;Fanny;Girard;Camping;913 BEAVER HALL VAL-DAVID québec;2004-09-21
1118;Adémar;Laurent;Vedette Zone;864 BEAVER HALL MONT-TREMBLANT  québec;2006-09-07
1119;Mahdi;Paul;Idées Politiques;673 BELANGER MONTREAL québec;1992-11-30
1120;Magnolia;Dandurand;La famille;578 BELANGER LAVAL québec;2000-06-15
1121;Amélie;Andre;L'argent et vous;590 BELANGER DUPARQUET québec;2001-07-03
1122;Bartolomea;Bernard;Madame d'Aujourd'hui;1010 BELANGER MONT-TREMBLANT  québec;2003-02-03
1123;Manny;Launay;Santé et beauté;748 BELANGER VALCOURT québec;2006-02-01
1124;Fédérica;Blanchard;Elles et elle;574 BELANGER MONTREAL québec;2008-08-27
1125;Yan;Reynaud;Monsieur sur son 36;778 BELLECHASSE MONTREAL québec;1991-12-25
1126;Catherine;Colin;La famille;570 BELLECHASSE DUNHAM québec;1992-02-06
1127;Fefino;Carpentier;Elle et Lui;690 BELLECHASSE MONT-TREMBLANT  québec;1996-05-20
1128;Magnolia;Georges;La semaine hebdo;773 BELLECHASSE LAVAL québec;1999-04-15
1129;Fanchon;Girard;Idées Politiques;619 BELLECHASSE VAL RACINE québec;2006-10-13
1130;Isabelle;Chauvet;Elle et Lui;618 BELLECHASSE MONTREAL québec;2007-01-09
1131;Manfred;Robert;Monsieur sur son 36;607 BERRI LAVAL québec;1992-04-20
1132;Fayrouz;Blanchard;Elles et elle;836 BERRI DUNHAM québec;1995-04-20
1133;Yan;Tessier;Camping;767 BERRI MONTREAL québec;1997-03-29
1134;Dariya;Bertrand;Madame d'Aujourd'hui;998 BERRI MONT-TREMBLANT  québec;1999-03-13
1135;Tenshi;Juteau;L'argent et vous;564 BERRI MONTREAL québec;1999-10-29
1136;Paul-Alexandre;Lucas;La semaine hebdo;576 BERRI TROIS-RIVIÈRES  québec;2005-07-01
1137;Tadek;Legrand;La semaine hebdo;1026 BLEURY LAVAL québec;1995-02-20
1138;Fanny;Colin;La famille;698 BLEURY MONTREAL québec;1996-04-04
1139;Jayson;Juteau;L'argent et vous;576 BLEURY MONT-TREMBLANT  québec;1999-05-30
1140;Jayson;Robin;Monsieur sur son 36;994 BLEURY MONTREAL québec;1999-08-20
1141;Faust;Prevost;Monsieur sur son 36;680 BLEURY DEUX-MONTAGNES québec;2004-06-27
1142;Yan;Pereira;Idées Politiques;945 BLEURY TROIS-RIVIÈRES  québec;2008-10-01
1143;Vénus;Cousin;La famille;664 BLOOMFIELD MONTREAL québec;1992-08-22
1144;Vincent;Leclerc;Vedette Zone;758 BLOOMFIELD DEUX-MONTAGNES québec;1997-12-31
1145;Marc;Robin;Monsieur sur son 36;591 BLOOMFIELD MONT-TREMBLANT  québec;1998-07-16
1146;Isabelle;Andre;L'argent et vous;855 BLOOMFIELD MONTREAL québec;1998-09-17
1147;Fanny;Bernier;Madame d'Aujourd'hui;849 BLOOMFIELD TROIS-RIVIÈRES  québec;2002-09-06
1148;Maëlle;Bélanger;L'argent et vous;701 BLOOMFIELD LAVAL québec;2007-07-22
1149;Alcibiade;Langevin;La famille;778 BONSECOURS MONTREAL québec;1992-07-24
1150;Paolo;Martins;Chasse et pêche Laurentienne;644 BONSECOURS TROIS-PISTOLES québec;1993-05-01
1151;Faty;Caron;Elle et Lui;564 BONSECOURS MONT-TREMBLANT  québec;1999-06-04
1152;Germano;Renaud;Monsieur sur son 36;846 BONSECOURS DEUX-MONTAGNES québec;2000-05-31
1153;Malory;Robert;Monsieur sur son 36;1018 BONSECOURS LAVAL québec;2001-08-24
1154;Fahd;Morel;Idées Politiques;994 BONSECOURS MONTREAL québec;2004-05-23
1155;Darilyn;Aubry;L'argent et vous;556 BOUCHERVILLE MONTREAL québec;1996-07-28
1156;Marcian;Langevin;L'argent et vous;952 BOUCHERVILLE DEUX-MONTAGNES québec;1997-03-17
1157;Abiona;Maisonneuve;Chasse et pêche Laurentienne;1008 BOUCHERVILLE MONTREAL québec;1997-03-18
1158;Faïçal;Jacquet;L'argent et vous;684 BOUCHERVILLE LAVAL québec;2000-10-09
1159;Petr;Weber;As et Joker;793 BOUCHERVILLE MONT-TREMBLANT québec;2002-10-08
1160;Pacific;Langevin;L'argent et vous;779 BOUCHERVILLE TORONTO ontario;2008-01-18
1161;Achim;Mercier;Idées Politiques;718 BOURBONNIERE LAVAL québec;1993-02-02
1162;Fantin;Jacquet;L'argent et vous;551 BOURBONNIERE MONTREAL québec;1994-05-21
1163;Fabricien;Leclerc;La semaine hebdo;845 BOURBONNIERE DEUX-MONTAGNES québec;1996-09-06
1164;Caroline;Baron;L'argent et vous;941 BOURBONNIERE TORONTO ontario;1998-09-11
1165;Fanny;Bureau;Elle et Lui;636 BOURBONNIERE MONTREAL québec;1999-10-10
1166;Fanny;Allard;L'argent et vous;755 BOURBONNIERE MONT-TREMBLANT québec;2003-03-12
1167;Marc;Langevin;Santé et beauté;607 BOYCE TORONTO ontario;1991-03-22
1168;Tade;Nicolas;Idées Politiques;1019 BOYCE MONT-TREMBLANT québec;1991-10-17
1169;Patrick;Marty;Chasse et pêche Laurentienne;790 BOYCE DEUX-MONTAGNES québec;1993-06-06
1170;Amélie;Bélanger;L'argent et vous;829 BOYCE MONTREAL québec;1994-10-31
1171;Berthille;Coallier;La famille;591 BOYCE LAVAL québec;2002-04-29
1172;Germanus;Lefort;La semaine hebdo;898 BOYCE MONTREAL québec;2007-12-28
1173;Fanny;Coallier;Elle et Lui;908 BOYER MONTREAL québec;1991-08-19
1174;Madisson;Launay;Santé et beauté;880 BOYER MONTREAL québec;1991-09-07
1175;Marie-Pierre;Brunet;Elles et elle;829 BOYER LAVAL québec;2003-02-03
1176;Maëlys;Bisson;Madame d'Aujourd'hui;699 BOYER TORONTO ontario;2003-05-22
1177;Badia;Berger;Madame d'Aujourd'hui;821 BOYER DEUX-MONTAGNES québec;2005-11-21
1178;Farid;Langevin;La famille;584 BOYER MONT-SAINT-HILAIRE québec;2008-12-13
1179;Jayson;Langevin;Santé et beauté;709 BRIDGE MONTREAL québec;1993-08-09
1180;Marc;Ruiz;Camping;906 BRIDGE MONT-SAINT-GRÉGOIRE québec;1994-02-27
1181;Dayah;Dandurand;La famille;937 BRIDGE LAVAL québec;1999-10-06
1182;Félise;Carpentier;Elle et Lui;562 BRIDGE DELSON québec;2003-02-01
1183;Darielle;Desjardins;Santé et beauté;878 BRIDGE MONTREAL québec;2003-11-06
1184;Farès;Morel;Idées Politiques;857 BRIDGE TORONTO ontario;2008-01-14
1185;Alcée;Moreau;Idées Politiques;1004 BRUCHESI DÉGELIS québec;1992-12-25
1186;Mamar;Lacombe;L'argent et vous;749 BRUCHESI TORONTO ontario;1996-09-07
1187;Gentile;Morel;Idées Politiques;590 BRUCHESI MONTREAL québec;1999-05-22
1188;Isabelle;Bernier;Madame d'Aujourd'hui;621 BRUCHESI LAVAL québec;2000-04-17
1189;Ala;Millet;Idées Politiques;794 BRUCHESI MONTREAL québec;2000-10-05
1190;Tharia;Vallee;As et Joker;750 BRUCHESI MONTREAL québec;2008-01-17
1191;Achilles;Leclerc;La semaine hebdo;691 BULLION MONTREAL québec;1997-03-30
1192;Teofil;Paris;Idées Politiques;559 BULLION DANVILLE québec;1998-09-08
1193;Théo;Pasquier;Idées Politiques;945 BULLION LAVAL québec;2001-12-06
1194;Madelyn;Bélanger;L'argent et vous;716 BULLION MONTREAL québec;2005-09-29
1195;Adiran;Michel;Idées Politiques;597 BULLION TERREBONNE   québec;2007-08-24
1196;Adam;Maisonneuve;Chasse et pêche Laurentienne;691 BULLION MONTREAL québec;2008-02-03
1197;Isabelle;Girard;Monsieur sur son 36;784 CADILLAC MONTREAL québec;1990-07-17
1198;Maëllis;Dandurand;La famille;636 CADILLAC TERREBONNE   québec;1992-06-17
1199;Bathilde;Gerard;Chasse et pêche Laurentienne;992 CADILLAC MONTREAL québec;1996-12-31
1200;Dariella;Fabre;Vedette Zone;838 CADILLAC LAVAL québec;1997-01-18
1201;Vérania;Arnaud;L'argent et vous;965 CADILLAC CRABTREE  québec;1998-06-18
1202;Théobald;Vallee;As et Joker;616 CADILLAC MONTREAL québec;2002-01-21
1203;Viola;Francois;La semaine hebdo;849 CALIXA-LAVALLÉE TERREBONNE   québec;1990-10-31
1204;Géronimo;Lefort;La semaine hebdo;761 CALIXA-LAVALLÉE MONTREAL québec;1992-12-13
1205;Maguelone;Dumont;Santé et beauté;999 CALIXA-LAVALLÉE LAVAL québec;1998-04-17
1206;Berteline;Coallier;La famille;611 CALIXA-LAVALLÉE MONTREAL québec;2003-06-27
1207;Virgil;Juteau;L'argent et vous;676 CALIXA-LAVALLÉE MONTREAL québec;2006-09-24
1208;Aldrik;Roy;Camping;985 CALIXA-LAVALLÉE COWANSVILLE  québec;2006-09-26
1209;Amélie;Coallier;Elle et Lui;654 CAMILLIEN-HOUDE TÉMISCAMING québec;1991-06-12
1210;Maggie;Dumont;Santé et beauté;1032 CAMILLIEN-HOUDE COWANSVILLE  québec;1993-07-08
1211;Victorine;Da;La famille;573 CAMILLIEN-HOUDE MONTREAL québec;1996-02-25
1212;Gérard;Renard;Monsieur sur son 36;695 CAMILLIEN-HOUDE MONTREAL québec;1998-12-30
1213;Viana;Desjardins;Santé et beauté;717 CAMILLIEN-HOUDE MONTREAL québec;2000-07-01
1214;Manex;Robert;Monsieur sur son 36;737 CAMILLIEN-HOUDE LAVAL québec;2006-03-17
1215;Vincentine;Desjardins;Santé et beauté;826 CATHCART MONTREAL dordogne France;1993-07-05
1216;Tayeb;St-Amour;Camping;829 CATHCART MONTREAL québec;1994-08-20
1217;Tery;Marechal;Chasse et pêche Laurentienne;792 CATHCART COWANSVILLE québec;1996-03-11
1218;Viktor;Juteau;L'argent et vous;860 CATHCART SUTTON  québec;2000-05-31
1219;Mannus;Lacombe;L'argent et vous;615 CATHCART LAVAL québec;2006-05-17
1220;Manouk;Leclerc;Vedette Zone;1029 CATHCART MONTREAL québec;2008-08-31
1221;Alar;Millet;Idées Politiques;669 CATHÉDRALE SUTTON  québec;1993-07-21
1222;Manolito;Lopez;La semaine hebdo;725 CATHÉDRALE MONTREAL québec;1995-05-07
1223;Fatim;Desjardins;Santé et beauté;550 CATHÉDRALE LAVAL québec;1996-11-23
1224;Tadio;Ollivier;Idées Politiques;766 CATHÉDRALE MONTREAL québec;2001-04-02
1225;Gérald;Lefevre;La semaine hebdo;589 CATHÉDRALE MONTREAL québec;2002-09-17
1226;Patrick;Vaillant;As et Joker;630 CATHÉDRALE COURCELLES québec;2004-09-26
1227;Maève;Bélanger;L'argent et vous;746 CAVENDISH SUTTON québec;1990-02-22
1228;Abgar;Maisonneuve;Chasse et pêche Laurentienne;899 CAVENDISH CONTRECOEUR québec;1990-09-24
1229;Venise;Bernier;Madame d'Aujourd'hui;786 CAVENDISH MONTREAL québec;1992-02-26
1230;Fanny;Bisson;Elles et elle;713 CAVENDISH MONTREAL québec;2001-02-05
1231;Adelbert;Roussel;Camping;865 CAVENDISH MONTREAL québec;2004-02-09
1232;Bartholomée;Coallier;La famille;898 CAVENDISH LAVAL québec;2007-08-28
1233;Varda;Garcia;La semaine hebdo;1000 CHAMPLAIN COATICOOK québec;1990-09-21
1234;Paolino;Roche;Monsieur sur son 36;846 Champlain LAVAL québec;1990-10-07
1235;Déborah;Bousquet;Elles et elle;768 Champlain LA TUQUE québec;1990-11-26
1236;Jayson;Vasseur;As et Joker;555 CHAMPLAIN MONTREAL québec;1992-07-29
1237;Maaike;Bisson;Madame d'Aujourd'hui;870 CHAMPLAIN MONTREAL québec;1995-01-05
1238;Yan;Lucas;La semaine hebdo;980 CHAMPLAIN STORNOWAY québec;1997-04-05
1239;Madi;Levy;La semaine hebdo;787 CHAMPLAIN MONTREAL québec;1997-06-06
1240;Aldo;Moreau;Idées Politiques;865 Champlain MONTREAL québec;1998-11-21
1241;Maëlan;Loiseau;La semaine hebdo;613 Champlain MONTREAL québec;2001-01-19
1242;Belen;Denis;Santé et beauté;717 Champlain PARIS ile de France France;2002-12-29
1243;Yan;Juteau;L'argent et vous;626 CHAMPLAIN LAVAL québec;2006-07-07
1244;Théodos;Juteau;L'argent et vous;613 CHARLEBOIS CHERTSEY  québec;1993-06-04
1245;Peitro;Thierry;Camping;740 CHARLEBOIS STOKE québec;2000-06-24
1246;Perikles;Tremblay;Camping;692 CHARLEBOIS MONTREAL québec;2003-05-06
1247;Berthe;Dupont;Vedette Zone;851 CHARLEBOIS MONTREAL québec;2003-12-14
1248;Daisy;Chevalier;Elle et Lui;996 CHARLEBOIS MONTREAL québec;2005-09-28
1249;Manes;St-Amour;Camping;966 CHARLEBOIS LAVAL québec;2006-09-19
1250;Achraf;Mercier;Idées Politiques;587 CHATEAUFORT MONTREAL québec;1991-11-09
1251;Dani;Besson;Madame d'Aujourd'hui;783 CHATEAUFORT STARTFORD québec;1995-06-11
1252;Victoric;Juteau;L'argent et vous;782 CHATEAUFORT MONTREAL québec;1996-11-01
1253;Fanny;Baron;L'argent et vous;676 CHATEAUFORT CHATEAUGUAY québec;2002-02-08
1254;Madison;Martel;Chasse et pêche Laurentienne;679 CHATEAUFORT LAVAL québec;2003-01-02
1255;Vicente;Sauvage;Camping;911 CHATEAUFORT MONTREAL québec;2004-04-26
1256;Vianne;Bernier;Madame d'Aujourd'hui;576 CHERRIER MONTREAL québec;1998-01-03
1257;Magar;Paul;Idées Politiques;797 CHERRIER STANSTEAD  québec;2001-03-09
1258;Dagoberta;Bertrand;Madame d'Aujourd'hui;594 CHERRIER LAVAL québec;2002-05-03
1259;Daphné;Briand;Elles et elle;899 CHERRIER CHARLEMAGNE  québec;2002-09-24
1260;Terry;Pascal;Idées Politiques;759 CHERRIER MONTREAL québec;2006-09-17
1261;Gianni;Navarro;Idées Politiques;626 CHERRIER MONTREAL québec;2008-09-20
1262;Farah;Leclerc;La semaine hebdo;616 CHRISTOPHE-COLOMB MONTREAL québec;1993-03-01
1263;Teanuanua;Leroy;La semaine hebdo;735 CHRISTOPHE-COLOMB CHAMBLY québec;1993-11-12
1264;Mahina;Bisson;Madame d'Aujourd'hui;989 CHRISTOPHE-COLOMB STANSTEAD  québec;1994-02-08
1265;Mathieu;Rey;Monsieur sur son 36;567 CHRISTOPHE-COLOMB MONTREAL québec;1998-11-29
1266;Malaury;Klein;L'argent et vous;670 CHRISTOPHE-COLOMB LAVAL québec;2004-03-10
1267;Danna;Fleury;Vedette Zone;959 CHRISTOPHE-COLOMB MONTREAL québec;2005-11-21
1268;Marie-Pierre;Girard;Camping;744 CITY COUNCILLORS MONTREAL québec;1992-10-28
1269;Valéra;Gaillard;La semaine hebdo;843 CITY COUNCILLORS STANBRIDGE EAST québec;1996-04-06
1270;Vasthie;Bourgeois;Elles et elle;848 CITY COUNCILLORS caracas miranda venezuela;1997-03-07
1271;Thales;Juteau;L'argent et vous;590 CITY COUNCILLORS MONTREAL québec;1997-03-11
1272;Débora;Dandurand;La famille;576 CITY COUNCILLORS LAVAL québec;1998-05-10
1273;Catherine;Baron;L'argent et vous;545 CITY COUNCILLORS MONTREAL québec;2003-08-22
1274;Vladimir;Nguyen;Idées Politiques;588 CLARK MONTREAL québec;1992-03-05
1275;Judith;Fortier;Vedette Zone;825 CLARK LAVAL québec;1995-06-24
1276;Volny;Guillaume;Santé et beauté;826 CLARK CANTON D'ORFORD québec;2000-05-07
1277;Jayson;Schmitt;Camping;571 CLARK MONTREAL québec;2001-01-21
1278;Makan;Klein;L'argent et vous;936 CLARK MONTREAL québec;2002-08-14
1279;Mathieu;St-Amour;Camping;866 CLARK SOREL-TRACY québec;2002-09-20
1280;Vere;Couturier;La famille;896 CLOSSE CANTON DE SHEFFORD québec;1991-01-02
1281;Thélo;St-Amour;Camping;702 CLOSSE MONTREAL québec;2001-04-02
1282;Caroline;Dandurand;La famille;651 CLOSSE SHERBROOKE québec;2004-02-13
1283;Patrick;Juteau;L'argent et vous;565 CLOSSE MONTREAL québec;2005-12-12
1284;Bella;Bisson;Elles et elle;909 CLOSSE MONTREAL québec;2006-11-13
1285;Faress;Joubert;L'argent et vous;658 CLOSSE LAVAL québec;2007-09-15
1286;Tarak;Marchal;Chasse et pêche Laurentienne;558 COLLÈGE MONTREAL québec;1991-10-05
1287;Marc;Leclerc;Vedette Zone;1030 COLLÈGE CANTON DE SHEFFORD québec;1993-10-17
1288;Adel;Guillet;L'argent et vous;626 COLLÈGE MONTREAL québec;1994-04-16
1289;Fadette;Colin;La famille;968 COLLÈGE SHAWINIGAN québec;1996-12-20
1290;Manolo;St-Amour;Camping;1015 COLLÈGE LAVAL québec;1998-04-16
1291;Téodorick;St-Amour;Camping;959 COLLÈGE MONTREAL québec;2006-09-20
1292;Fabrizio;Langevin;La famille;839 COMMISSIONERS SENNETERRE québec;1992-05-06
1293;Vickie;Francois;La semaine hebdo;989 COMMISSIONERS MONTREAL québec;1994-05-08
1294;Tangui;Simon;Camping;1003 COMMISSIONERS LAVAL québec;1999-06-04
1295;Marc;Roussel;Camping;1004 COMMISSIONERS MONTREAL québec;2001-04-15
1296;Vital;Marchal;Chasse et pêche Laurentienne;687 COMMISSIONERS CANTON DE MELBOURNE québec;2007-09-01
1297;Mai;Didier;Santé et beauté;767 COMMISSIONERS MONTREAL québec;2009-02-18
1298;Faris;Maisonneuve;Chasse et pêche Laurentienne;752 CONGRÉGATION MONTREAL québec;1992-02-28
1299;Aleksandar;Langevin;Santé et beauté;984 CONGRÉGATION MONTREAL québec;2000-10-08
1300;Darissa;Girard;Monsieur sur son 36;561 CONGRÉGATION CANTON DE HEMMINGFORD québec;2002-10-05
1301;Adelino;Leclerc;La semaine hebdo;826 CONGRÉGATION MONTREAL québec;2003-01-02
1302;Alberto;Gonçalves;Elles et elle;927 CONGRÉGATION LAVAL québec;2006-01-19
1303;Télio;Marchand;Chasse et pêche Laurentienne;706 CONGRÉGATION SAYABEC québec;2006-07-07
1304;Faye;Girard;Idées Politiques;568 CORONET MONTREAL québec;1992-01-15
1305;Alec;Leclerc;La semaine hebdo;578 CORONET MONTREAL québec;1999-06-02
1306;Fatah;Leclercq;La semaine hebdo;841 CORONET MONTREAL québec;1999-06-15
1307;Madez;Dos;Santé et beauté;783 CORONET LAVAL québec;2003-01-12
1308;Mathieu;Guillon;L'argent et vous;778 CORONET CANTON DE GORE québec;2004-04-09
1309;Tenenan;St-Amour;Camping;931 CORONET SASKATOON saskatchewan;2007-05-04
1310;Isabelle;Brunet;Elles et elle;700 Côté MONTREAL québec;1990-05-23
1311;Féirouza;Blanchet;Elles et elle;642 Côté SAINT-JÉRÔME québec;1992-06-14
1312;Debra;Dandurand;La famille;774 Côté LAVAL québec;1992-07-13
1313;Peo;Roger;Monsieur sur son 36;987 Côté MONTREAL québec;2006-04-10
1314;Madani;St-Amour;Camping;732 Côté GRENVILLE-SUR-LA-ROUGE québec;2006-05-29
1315;Isabelle;Coallier;Elle et Lui;590 COTE SAINTE-CATHERINE MONTREAL québec;1990-11-09
1316;Daliana;Girard;Camping;598 COTE SAINTE-CATHERINE CANTON DE GORE québec;1991-10-01
1317;Valensia;Desjardins;Santé et beauté;819 COTE SAINTE-CATHERINE MONTREAL québec;1993-01-13
1318;Patri;Rodrigues;Monsieur sur son 36;782 COTE SAINTE-CATHERINE MONTREAL québec;1993-03-28
1319;Marc;St-Amour;Camping;868 COTE SAINTE-CATHERINE LAVAL québec;1995-11-02
1320;Caroline;Allard;L'argent et vous;885 COTE SAINTE-CATHERINE SAINT-VENANT DE PAQUETTE québec;2002-03-10
1321;Bakene;Coallier;La famille;717 COTE SAINT-LUC MONTREAL québec;1991-11-12
1322;Faustin;Lebrun;Vedette Zone;683 COTE SAINT-LUC MONTREAL québec;1996-06-28
1323;Adil;Roux;Camping;1014 COTE SAINT-LUC CANTON DE GORE québec;1997-09-16
1324;Bérangère;Coallier;La famille;600 COTE SAINT-LUC LAVAL québec;2000-03-03
1325;Marie-Pierre;Bélanger;L'argent et vous;645 COTE SAINT-LUC SAINT-THÉODORE-D'ACTON québec;2005-02-05
1326;Albino;Roux;Camping;593 COTE SAINT-LUC MONTREAL québec;2009-01-14
1327;Thècle;Laroche;Santé et beauté;881 COTE-DES-NEIGES CANTON DE GORE québec;1993-08-05
1328;Mades;Marin;Chasse et pêche Laurentienne;779 COTE-DES-NEIGES MONTREAL québec;1995-09-24
1329;Judith;Bureau;Elle et Lui;578 COTE-DES-NEIGES MONTREAL québec;1995-10-09
1330;Patric;Rodrigues;Monsieur sur son 36;652 COTE-DES-NEIGES SAINT-SÉBASTIEN québec;1998-06-27
1331;Mahaud;Bisson;Madame d'Aujourd'hui;576 COTE-DES-NEIGES MONTREAL québec;2000-04-12
1332;Valérie;Desjardins;Santé et beauté;882 COTE-DES-NEIGES LAVAL québec;2004-10-12
1333;Pericles;Laurent;Santé et beauté;1028 COTE-SAINT-PAUL MONTREAL québec;1992-11-18
1334;Vinh;Schmitt;Camping;969 COTE-SAINT-PAUL SAINT-ROCH-DES-AULNAIES québec;1995-01-16
1335;Dany;Girard;Camping;1021 COTE-SAINT-PAUL MONTREAL québec;1997-07-23
1336;Victorin;Nguyen;Idées Politiques;854 COTE-SAINT-PAUL MONTREAL québec;1997-11-19
1337;Yan;Vaillant;As et Joker;763 COTE-SAINT-PAUL CANTON DE GORE québec;1999-07-26
1338;Dai;Boyer;Elles et elle;718 COTE-SAINT-PAUL LAVAL québec;2001-11-19
1339;Bernarda;Bureau;Elle et Lui;872 COURCELLE CANTON DE GORE québec;1990-01-16
1340;Maha;Dandurand;La famille;965 COURCELLE SAINT-ROBERT BELLARMIN québec;1990-03-07
1341;Faustyn;Renard;Monsieur sur son 36;824 COURCELLE LAVAL québec;1994-07-21
1342;Gian;Sanchez;Camping;720 COURCELLE MONTREAL québec;1996-12-25
1343;Farouk;Lebrun;Vedette Zone;947 COURCELLE MONTREAL québec;1999-06-29
1344;Ghyslain;Mallet;Chasse et pêche Laurentienne;787 COURCELLE MONTREAL québec;2006-06-02
1345;Dalhia;Girard;Camping;740 COUVENT LAVAL québec;1993-03-09
1346;Dee;Girard;Camping;850 COUVENT MONTREAL québec;2000-04-20
1347;George;Maisonneuve;Chasse et pêche Laurentienne;863 COUVENT MONTREAL québec;2000-07-15
1348;Maëllys;Gomez;As et Joker;933 COUVENT SAINT-PLACIDE québec;2001-12-07
1349;Marcel;St-Amour;Camping;899 COUVENT CANTON DE GORE québec;2002-09-10
1350;Catherine;Dupuy;Vedette Zone;675 COUVENT MONTREAL québec;2005-04-01
1351;Maguelonne;Bisson;Madame d'Aujourd'hui;990 CRAIG LAVAL québec;1993-01-06
1352;Terrence;Richard;Monsieur sur son 36;869 CRAIG MONTREAL québec;1993-06-04
1353;Isabelle;Girard;Camping;673 CRAIG MONTREAL québec;1998-05-13
1354;Isabelle;Durand;Vedette Zone;1033 CRAIG MONTREAL québec;1998-08-20
1355;Patrick;St-Amour;Camping;863 CRAIG CANTON DE BEDFORD québec;2000-04-06
1356;Bao;Berger;Madame d'Aujourd'hui;564 CRAIG SAINT-PLACIDE québec;2008-06-06
1357;Debby;Ferrand;Vedette Zone;643 CRÉMAZIE LAVAL québec;1991-07-22
1358;Akim;Leclerc;La semaine hebdo;1001 CRÉMAZIE CANDIAC québec;1993-02-16
1359;Per;Launay;Santé et beauté;613 CRÉMAZIE SAINT-PIE  québec;1996-03-26
1360;Berched;Fortier;La semaine hebdo;685 CRÉMAZIE MONTREAL québec;2003-01-11
1361;Alen;Gonçalves;Elle et Lui;657 CRÉMAZIE MONTREAL québec;2006-03-23
1362;Mabrouk;Riou;Monsieur sur son 36;610 CRÉMAZIE MONTREAL québec;2008-10-14
1363;Maeva;Brunel;Elles et elle;872 DANTE MONTREAL québec;1994-11-17
1364;Vienne;Bernier;Madame d'Aujourd'hui;733 DANTE CALIXA-LAVALLÉE québec;1997-12-27
1365;Malick;Lopez;La semaine hebdo;1024 DANTE SAINT-PAUL-DE-LA-CROIX québec;1999-11-25
1366;Fanya;Blanc;Elles et elle;606 DANTE LAVAL québec;2003-10-13
1367;Téoman;Pascal;Idées Politiques;895 DANTE MONTREAL québec;2006-01-25
1368;Madiha;Bisson;Madame d'Aujourd'hui;767 DANTE MONTREAL québec;2008-10-29
1369;Acacio;Tremblay;As et Joker;801 DAVIDSON MONTREAL québec;1991-05-21
1370;Maheva;Bélanger;L'argent et vous;746 DAVIDSON LAVAL québec;1991-10-15
1371;Viktorino;Leclerc;Vedette Zone;557 DAVIDSON MONTREAL québec;1997-06-26
1372;Gerardo;Renard;Monsieur sur son 36;567 DAVIDSON MONTREAL québec;1998-02-10
1373;Fanny;Fortier;Vedette Zone;944 DAVIDSON SAINT-PAUL  québec;2002-09-19
1374;Bernadetta;Coallier;La famille;776 DAVIDSON CACOUNA  québec;2007-09-15
1375;Télémaque;St-Amour;Camping;1030 DECARIE SAINT-PASCAL québec;1997-12-22
1376;Magdalaine;Coallier;Elle et Lui;972 DECARIE MONTREAL québec;2001-08-29
1377;Marcellin;Louis;La semaine hebdo;972 DECARIE MONTREAL québec;2003-03-25
1378;Amélie;Dandurand;La famille;951 DECARIE MONTREAL québec;2004-08-28
1379;Vijay;Sauvage;Camping;646 DECARIE LAVAL québec;2007-03-02
1380;Yan;Guillot;L'argent et vous;972 DECARIE CACOUNA  québec;2008-01-20
1381;Faride;Ruiz;Camping;768 DECELLES MONTREAL québec;1994-10-23
1382;Bertille;Cohen;La famille;915 DECELLES SAINT-PACÔME québec;1999-03-12
1383;Valencina;Gaillard;La semaine hebdo;982 DECELLES CABANO québec;2001-12-29
1384;Jayson;Guillon;L'argent et vous;648 DECELLES MONTREAL québec;2006-05-18
1385;Danele;Chevallier;Elle et Lui;789 DECELLES MONTREAL québec;2007-01-30
1386;Magali;Bélanger;L'argent et vous;613 DECELLES LAVAL québec;2008-06-15
1387;Théliau;Leveque;La semaine hebdo;674 DEZERY MONTREAL québec;1990-04-06
1388;Faustinien;Prevost;Monsieur sur son 36;549 DEZERY SAINT-MATHIEU québec;1990-11-18
1389;Albanino;Maisonneuve;Chasse et pêche Laurentienne;676 DEZERY MONTREAL québec;1991-09-30
1390;Amélie;Durand;Vedette Zone;868 DEZERY LAVAL québec;2001-10-26
1391;Adnan;Roux;Camping;998 DEZERY MONTREAL québec;2004-03-14
1392;Fahim;Jacquet;L'argent et vous;807 DEZERY BURLINGTON Vermont Etats-Unis;2005-02-11
1393;Teofilo;Juteau;L'argent et vous;616 DICKSON MONTREAL québec;1994-06-26
1394;Fanny;Charrier;Elle et Lui;764 DICKSON BRUXELLES brabant Belgique;1997-07-01
1395;Maewenn;Benoit;L'argent et vous;816 DICKSON LAVAL québec;1999-12-31
1396;Caroline;Girard;Camping;732 DICKSON MONTREAL québec;2000-02-18
1397;Absalon;Pierre;Monsieur sur son 36;568 DICKSON MONTREAL québec;2002-12-30
1398;Judith;Barthelemy;L'argent et vous;901 DICKSON SAINT-MARC-SUR-RICHELIEU québec;2008-11-22
1399;Magella;Georges;La semaine hebdo;910 Domaine GRANDES-PILES  québec;1992-12-27
1400;Viviano;Rey;Monsieur sur son 36;824 Domaine NORTH HATLEY  québec;1995-08-20
1401;Faith;Bernier;Madame d'Aujourd'hui;571 Domaine MONTREAL québec;1998-11-09
1402;Vic;Legendre;La semaine hebdo;872 Domaine LAVAL québec;2004-12-10
1403;Violetta;Francois;La semaine hebdo;715 Domaine MONTREAL québec;2004-12-18
1404;Téophane;Lesage;La semaine hebdo;662 DORCHESTER MONTREAL québec;1990-03-27
1405;Véra;Antoine;L'argent et vous;773 DORCHESTER MONTREAL québec;1998-09-27
1406;Fanny;Dumont;Santé et beauté;725 DORCHESTER SAINT-LUDGER  québec;2000-04-08
1407;Dagmar;Barbier;L'argent et vous;573 DORCHESTER LAVAL québec;2000-05-02
1408;Yan;Leger;La semaine hebdo;918 DORCHESTER MONTREAL québec;2004-11-13
1409;Darlane;Bourgeois;Elles et elle;581 DORCHESTER BRUXELLES brabant Belgique;2007-10-25
1410;Tariq;Marchand;Chasse et pêche Laurentienne;976 DORION SAINT-LUDGER  québec;1992-08-25
1411;Fanny;Fortier;La semaine hebdo;766 DORION MONTREAL québec;1995-04-28
1412;Barban;Bureau;Elle et Lui;869 DORION MONTREAL québec;1996-01-12
1413;Adem;Leclerc;La semaine hebdo;1024 DORION MONTREAL québec;1997-07-03
1414;Marie-Pierre;Bertin;Madame d'Aujourd'hui;930 DORION LAVAL québec;1999-09-11
1415;Tades;Legrand;La semaine hebdo;1011 DORION BRUXELLES brabant Belgique;2007-12-19
1416;Catherine;Dumont;Vedette Zone;594 DROLET MONTREAL québec;1991-06-25
1417;Isabelle;Bisson;Elles et elle;709 DROLET MONTREAL québec;1999-08-23
1418;Tan;Paris;Idées Politiques;954 DROLET MONTREAL québec;2000-04-29
1419;Jayson;Royer;Camping;803 DROLET BRUXELLES brabant Belgique;2003-10-28
1420;Telmo;Juteau;L'argent et vous;808 DROLET LAVAL québec;2005-04-23
1421;Théodoric;Vasseur;As et Joker;949 DROLET SAINT-LOUIS-DU-HA!HA!</A< québec;2005-10-06
1422;Varina;Desjardins;Santé et beauté;982 DRUMMOND MONTREAL québec;1990-07-02
1423;Veronika;Desjardins;Santé et beauté;978 DRUMMOND SAINT-LIN québec;1994-04-21
1424;Darisa;Fabre;Vedette Zone;707 DRUMMOND BRUXELLES brabant Belgique;1997-12-02
1425;Caroline;Garcia;La semaine hebdo;727 DRUMMOND MONTREAL québec;2002-02-03
1426;Fatima;Dupuis;Vedette Zone;575 DRUMMOND MONTREAL québec;2003-05-17
1427;Magdalina;Girard;Camping;706 DRUMMOND LAVAL québec;2007-10-11
1428;Vanesa;Gaillard;La semaine hebdo;711 DUNKIRK SAINT-LIN québec;1991-03-13
1429;Madjid;Riviere;Monsieur sur son 36;827 DUNKIRK MONTREAL québec;1998-05-18
1430;Bérénice;Descamps;Santé et beauté;888 DUNKIRK LAVAL québec;1998-11-04
1431;Caroline;Dupuy;Vedette Zone;940 DUNKIRK MONTREAL québec;2000-08-06
1432;Vince;Renault;Monsieur sur son 36;685 DUNKIRK BROWNSBURGH-CHATHAM québec;2000-08-08
1433;Pascalin;Pereira;Idées Politiques;549 DUNKIRK MONTREAL québec;2004-02-19
1434;Téobald;Guillaume;Santé et beauté;698 DUROCHER MONTREAL québec;1992-07-24
1435;Fadwa;Girard;Idées Politiques;679 DUROCHER LAVAL québec;1992-08-11
1436;Fabius;Maisonneuve;Chasse et pêche Laurentienne;872 DUROCHER BROWNSBURGH-CHATHAM québec;1994-02-10
1437;Manua;Lacroix;L'argent et vous;575 DUROCHER SAINT-LAZARE québec;1999-02-22
1438;Caroline;Bureau;Elle et Lui;730 DUROCHER MONTREAL québec;2000-10-27
1439;Peri;Maillard;La semaine hebdo;687 DUROCHER MONTREAL québec;2007-10-14
1440;Véro;Bodin;Elles et elle;757 Eglise LAVAL québec;1991-12-23
1441;Gérôme;Renaud;Monsieur sur son 36;579 Eglise MONTREAL québec;1993-07-17
1442;Vesna;Couturier;La famille;626 Eglise MONTREAL québec;1994-12-26
1443;Macha;Bélanger;L'argent et vous;891 Eglise LAVAL québec;2003-02-20
1444;Marie-Pierre;Fortier;Vedette Zone;885 Eglise PREVOST québec;2003-12-07
1445;Paul-Antoine;Vidal;As et Joker;691 Eglise ACTON VALE québec;2004-02-26
1446;Maamar;St-Amour;Camping;928 Eglise MONTREAL québec;2004-02-28
1447;Judith;Brunet;Elles et elle;572 Eglise LABELLE québec;2004-07-15
1448;Viki;Boucher;Elles et elle;954 Eglise MONTREAL québec;2006-06-19
1449;Madiana;Dandurand;La famille;752 Eglise LABELLE québec;2008-07-30
1450;Jayson;Tessier;Camping;903 Eglise POHÉNÉGAMOOK québec;2008-12-09
1451;Pedre;Maury;Chasse et pêche Laurentienne;917 ÉGLISE MONTREAL québec;1990-02-21
1452;Madelia;Dandurand;La famille;927 ÉGLISE BROWNSBURGH-CHATHAM québec;1990-06-01
1453;Amélie;Bertrand;Madame d'Aujourd'hui;1041 ÉGLISE MONTREAL québec;1992-01-16
1454;Judith;Giraud;As et Joker;818 Église MONTREAL québec;1992-05-16
1455;Bertha;Albert;L'argent et vous;799 Église GRENVILLE québec;1993-02-19
1456;Darline;Fabre;Vedette Zone;575 Église PARIS ile de France France;1994-09-29
1457;Patrick;Muller;Idées Politiques;603 Église MONTREAL québec;1997-09-06
1458;Fanie;Dupuis;Vedette Zone;837 Église MONTREAL québec;2001-11-09
1459;Fahad;Lebreton;Vedette Zone;880 Église LAVAL québec;2002-05-12
1460;Gérémy;Julien;L'argent et vous;561 Église LAVAL québec;2002-10-15
1461;Paul-Adrien;Leclerc;Vedette Zone;989 ÉGLISE MONTREAL québec;2003-08-22
1462;Vidal;Marchal;Chasse et pêche Laurentienne;952 ÉGLISE LAVAL québec;2004-02-23
1463;Patrick;Leger;La semaine hebdo;779 ÉGLISE SAINT-JOVITE québec;2004-03-13
1464;Alano;Maisonneuve;Chasse et pêche Laurentienne;828 Église MONTREAL québec;2005-05-17
1465;Madisone;Buisson;Elles et elle;749 Église LA SARRE québec;2006-12-04
1466;Deloula;Bertrand;Madame d'Aujourd'hui;859 Église SAINT-JÉRÔME québec;2009-02-19
1467;Vannie;Charpentier;Elle et Lui;945 Épinettes GRENVILLE-SUR-LA-ROUGE québec;1990-01-03
1468;Babine;Benoit;Madame d'Aujourd'hui;559 Épinettes MONTREAL québec;1993-09-22
1469;Ghani;Mallet;Chasse et pêche Laurentienne;931 Épinettes LAVAL québec;1997-10-27
1470;Farha;Deschamps;Santé et beauté;958 Épinettes MONTREAL québec;2001-05-09
1471;Fabianus;Roy;Camping;578 Épinettes NOTRE-DAME-DU-NORD québec;2008-06-24
1472;Fassia;Deschamps;Santé et beauté;562 Érables MONTREAL québec;1990-04-14
1473;Faïrouzä;Bureau;Elle et Lui;799 Érables LAVAL québec;1990-12-12
1474;Fausto;Julien;L'argent et vous;955 Érables SAINT-JÉRÔME québec;1999-08-28
1475;Albano;Monnier;Idées Politiques;780 Érables MONTREAL québec;2000-03-27
1476;Théophane;Marie;Chasse et pêche Laurentienne;574 Érables GRENVILLE québec;2000-10-17
1477;Teus;Marechal;Chasse et pêche Laurentienne;667 Érables GRENVILLE-SUR-LA-ROUGE québec;2000-12-18
1478;Théodote;Pasquier;Idées Politiques;679 Érables MONTREAL québec;2002-06-11
1479;Maëlice;Dumas;Santé et beauté;701 Érables OKA québec;2003-03-20
1480;Vincianne;Boucher;Elles et elle;559 Érables MONTREAL québec;2006-06-21
1481;Parsam;Roche;Monsieur sur son 36;580 Érables LAVAL québec;2008-01-25
1482;Catherine;Desjardins;Santé et beauté;822 Fabrique MONTREAL québec;1993-10-04
1483;Fayruza;Courtois;La famille;611 Fabrique LA POCATIÈRE  québec;1994-05-17
1484;Bergido;Dupont;Vedette Zone;991 Fabrique PARIS ile de France France;2004-12-30
1485;Patrick;Royer;Camping;547 Fabrique LAVAL québec;2007-12-03
1486;Achod;Leclerc;La semaine hebdo;562 Fabrique MONTREAL québec;2008-06-01
1487;Valérine;Desjardins;Santé et beauté;660 FAIRMOUNT SAINT-JOVITE québec;1992-05-09
1488;Marie-Pierre;Girard;Monsieur sur son 36;737 FAIRMOUNT BROWNSBURGH-CHATHAM québec;1993-12-15
1489;Paskalet;Perez;Idées Politiques;977 FAIRMOUNT MONTREAL québec;1994-12-13
1490;Vehanouche;Charpentier;Elle et Lui;548 FAIRMOUNT LAVAL québec;1998-11-18
1491;Fabie;Alexandre;L'argent et vous;786 FAIRMOUNT MONTREAL québec;2000-07-27
1492;Beatrix;Coallier;La famille;1000 FAIRMOUNT MONTREAL québec;2003-08-13
1493;Judith;Coallier;Elle et Lui;605 FLEURY BROWNSBURGH-CHATHAM québec;1990-04-03
1494;Valérianne;Carre;Elle et Lui;670 FLEURY SAINT-JOSEPH-DE-SOREL québec;1993-10-29
1495;Al;Tremblay;As et Joker;765 FLEURY MONTREAL québec;1995-07-28
1496;Dana;Chevallier;Elle et Lui;931 FLEURY MONTREAL québec;2004-02-22
1497;Jayson;Reynaud;Monsieur sur son 36;914 FLEURY LAVAL québec;2006-11-06
1498;Perce;Maillard;La semaine hebdo;810 FLEURY MONTREAL québec;2008-08-13
1499;Vérana;Antoine;L'argent et vous;646 François LAVAL québec;1990-04-21
1500;Alcide;Leclerc;La semaine hebdo;822 François PALMAROLLE québec;1998-05-01
1501;Vicky;Bernier;Madame d'Aujourd'hui;598 François MONTREAL québec;2003-06-12
1502;Teobaldo;Vallee;As et Joker;882 François KNOWLTON québec;2005-05-14
1503;Faelan;Maisonneuve;Chasse et pêche Laurentienne;650 François MONTREAL québec;2006-11-25
1504;Valérianna;Dandurand;La famille;807 FRONTENAC MONTREAL québec;1992-03-11
1505;Achille;Gomez;Madame d'Aujourd'hui;792 FRONTENAC LAVAL québec;1997-02-07
1506;Marie-Pierre;Coallier;Elle et Lui;581 FRONTENAC MONTREAL québec;1998-02-20
1507;Patrick;Leclerc;Vedette Zone;595 FRONTENAC BROWNSBURGH-CHATHAM québec;1999-03-25
1508;Adiël;Roussel;Camping;601 FRONTENAC SAINT-JÉRÔME québec;2004-05-17
1509;Viet;Sauvage;Camping;773 FRONTENAC MONTREAL québec;2005-06-13
1510;Pacifico;Langevin;L'argent et vous;976 FULLUM MONTREAL québec;1992-05-20
1511;Pascalis;Leclerc;Vedette Zone;809 FULLUM MONTREAL québec;1994-08-30
1512;Fanny;Desjardins;Santé et beauté;609 FULLUM BROWNSBURGH-CHATHAM québec;1997-05-08
1513;Jayson;Rousseau;Camping;737 FULLUM SAINT-JÉRÔME québec;1999-05-01
1514;Catherine;Dandurand;La famille;727 FULLUM MONTREAL québec;2001-04-21
1515;Perin;Tremblay;Camping;873 FULLUM LAVAL québec;2005-07-28
1516;Fanch;Lebreton;Vedette Zone;613 Gagnon MONTREAL québec;1991-01-08
1517;Abelin;Mercier;Idées Politiques;1022 Gagnon LAVAL québec;1994-10-22
1518;Maëlie;Clement;Elle et Lui;595 Gagnon MONTREAL québec;2004-07-28
1519;Marciano;Martinez;Chasse et pêche Laurentienne;581 Gagnon OKA québec;2005-11-15
1520;Fawzi;Gonzalez;Elle et Lui;694 Gagnon GRENVILLE-SUR-LA-ROUGE québec;2006-03-25
1521;Vitor;Juteau;L'argent et vous;769 Gauthier LAVAL québec;1992-04-10
1522;Valencia;Aubry;L'argent et vous;951 Gauthier PARIS texas Etats-Unis;2003-12-16
1523;Vittorio;Juteau;L'argent et vous;629 Gauthier MONTREAL québec;2005-12-18
1524;Judith;Bourdon;Elles et elle;757 Gauthier LABELLE québec;2006-10-25
1525;Pedro;Mahe;La semaine hebdo;885 Gauthier MONTREAL québec;2007-04-11
1526;Paul-Henri;Perrot;Idées Politiques;669 GOUIN BROSSARD québec;1990-02-17
1527;Fedora;Blanchet;Elles et elle;908 GOUIN LAVAL québec;1992-07-29
1528;Maëlia;Dubois;Santé et beauté;1034 GOUIN MONTREAL québec;1997-12-17
1529;Amélie;Girard;Monsieur sur son 36;784 GOUIN SAINT-JEAN-SUR-RICHELIEU québec;2001-01-27
1530;Daniella;Besson;Madame d'Aujourd'hui;654 GOUIN MONTREAL québec;2006-08-02
1531;Fazzia;Blanchard;Elles et elle;705 GOUIN MONTREAL québec;2007-04-06
1532;Mathieu;Louis;La semaine hebdo;702 GUIZOT MONTREAL québec;1990-06-21
1533;Marc;Pereira;Idées Politiques;680 GUIZOT BROMONT québec;1991-11-16
1534;Bertrande;Dupont;Vedette Zone;585 GUIZOT SAINT-JEAN Nouveau-brunswick;1996-07-05
1535;Beronika;Fortier;La semaine hebdo;626 GUIZOT MONTREAL québec;1996-07-20
1536;Giacobo;Juteau;L'argent et vous;651 GUIZOT MONTREAL québec;2002-01-22
1537;Caroline;Bisson;Elles et elle;740 GUIZOT LAVAL québec;2005-12-27
1538;Téodoric;Lesage;La semaine hebdo;787 GUY MONTREAL québec;1991-02-23
1539;Marie-Pierre;Dupond;Vedette Zone;928 GUY MONTREAL québec;1996-05-15
1540;Vanna;Desjardins;Santé et beauté;857 GUY BRIGHAM québec;1998-01-28
1541;Valence;Bouchet;Elles et elle;651 GUY SAINT-JEAN Nouveau-brunswick;2002-09-29
1542;Pascal;Rodrigues;Monsieur sur son 36;923 GUY LAVAL québec;2003-01-13
1543;Mady;Loiseau;La semaine hebdo;747 GUY MONTREAL québec;2007-05-25
1544;Vainui;Aubert;L'argent et vous;564 HENRI-BOURASSA MONTREAL québec;1990-07-05
1545;Day;Girard;Monsieur sur son 36;1001 HENRI-BOURASSA MONTREAL québec;1993-11-27
1546;Macéo;Pasquier;Idées Politiques;548 HENRI-BOURASSA SAINT-JEAN Nouveau-brunswick;1995-06-16
1547;Mathieu;Royer;Camping;944 HENRI-BOURASSA MONTREAL québec;1996-07-31
1548;Marie-Pierre;Barre;L'argent et vous;932 HENRI-BOURASSA LAVAL québec;2000-08-20
1549;Jayson;St-Amour;Camping;1023 HENRI-BOURASSA BRIGHAM québec;2002-06-22
1550;Alba;Langevin;La famille;761 Hirondelles OTTERBURN PARK québec;1999-08-09
1551;Félicité;Desjardins;Santé et beauté;636 Hirondelles LAVAL québec;2001-08-02
1552;Barbo;Georges;Chasse et pêche Laurentienne;645 Hirondelles KAMOURASKA  québec;2001-08-23
1553;Fabian;Leblanc;Vedette Zone;660 Hirondelles MONTREAL québec;2006-07-07
1554;Catherine;Garnier;La semaine hebdo;1030 Hirondelles MONTREAL québec;2007-02-18
1555;Albaro;Poulain;Monsieur sur son 36;807 HOCHELAGA MONTREAL québec;1992-06-16
1556;Jayson;Martel;Chasse et pêche Laurentienne;592 HOCHELAGA LAVAL québec;1992-07-04
1557;Thao;Pascal;Idées Politiques;626 HOCHELAGA MONTREAL québec;1996-04-26
1558;Barberine;Bernard;Madame d'Aujourd'hui;1043 HOCHELAGA MONTREAL québec;1998-11-24
1559;Petro;Menard;Chasse et pêche Laurentienne;692 HOCHELAGA BOUCHERVILLE québec;2004-09-13
1560;Bettie;Dupre;Vedette Zone;753 HOCHELAGA SAINT-JEAN Nouveau-brunswick;2007-11-06
1561;Paul-Louis;Langevin;L'argent et vous;858 HOPITAL MONTREAL québec;1991-01-04
1562;Petronio;Leclerc;Vedette Zone;959 HOPITAL LAVAL québec;1992-07-08
1563;Catherine;Bureau;Elle et Lui;567 HOPITAL BONSECOURS québec;2000-07-15
1564;Mana;St-Amour;Camping;934 HOPITAL MONTREAL québec;2001-07-12
1565;Aldous;Moreau;Idées Politiques;734 HOPITAL MONTREAL québec;2001-07-26
1566;Marie-Pierre;David;La famille;1034 HOPITAL SAINT-JEAN Nouveau-brunswick;2001-12-25
1567;Marie-Pierre;Coste;La famille;776 HOTEL-DE-VILLE BOLTON EST québec;1992-10-14
1568;Victoire;Carre;Elle et Lui;936 HOTEL-DE-VILLE SAINT-JEAN Nouveau-brunswick;1995-04-29
1569;Fannelle;Dupuis;Vedette Zone;706 HOTEL-DE-VILLE MONTREAL québec;1998-05-02
1570;Fatma;Bernier;Madame d'Aujourd'hui;948 HOTEL-DE-VILLE MONTREAL québec;1998-10-29
1571;Jayson;Tremblay;As et Joker;609 HOTEL-DE-VILLE LAVAL québec;2005-11-25
1572;Manoël;Lacroix;L'argent et vous;839 HOTEL-DE-VILLE MONTREAL québec;2008-01-10
1573;Fee;Blanchet;Elles et elle;769 IBERVILLE MONTREAL québec;1990-02-23
1574;Yan;Muller;Idées Politiques;735 IBERVILLE SAINT-JEAN Terre-Neuve;1994-11-02
1575;Balere;Berger;Madame d'Aujourd'hui;693 IBERVILLE BOIS-DES-FILION québec;2000-10-11
1576;Fabien;Poulain;Monsieur sur son 36;552 IBERVILLE LAVAL québec;2002-01-06
1577;Bérengère;Gerard;Chasse et pêche Laurentienne;854 IBERVILLE MONTREAL québec;2002-01-19
1578;Jayson;Louis;La semaine hebdo;572 IBERVILLE MONTREAL québec;2006-01-14
1579;Adler;Millet;Idées Politiques;935 JARRY SAINT-HUGUES québec;1991-07-14
1580;Caroline;Bernier;Madame d'Aujourd'hui;739 JARRY BOIS-DES-FILION québec;1996-08-08
1581;Fauste;Lebrun;Vedette Zone;806 JARRY MONTREAL québec;1997-12-09
1582;Farida;Caron;Elle et Lui;963 JARRY MONTREAL québec;2002-10-29
1583;Amélie;Bernier;Madame d'Aujourd'hui;765 JARRY MONTREAL québec;2005-06-28
1584;Danaëlle;Besson;Madame d'Aujourd'hui;924 JARRY LAVAL québec;2009-02-07
1585;Maève;Bisson;Madame d'Aujourd'hui;735 Jean-Baptiste LA POCATIÈRE  québec;1997-01-07
1586;Madenn;Bélanger;L'argent et vous;640 Jean-Baptiste LAVAL québec;2001-02-18
1587;Bernadeta;Adam;L'argent et vous;568 Jean-Baptiste MONTREAL québec;2002-09-07
1588;Fayruz;Courtois;La famille;743 Jean-Baptiste PARIS ile de France France;2003-04-26
1589;Perceval;Vincent;As et Joker;858 Jean-Baptiste MONTREAL québec;2006-02-23
1590;Madelina;Dos;Santé et beauté;924 JEANNE-MANCE BOIS-DES-FILION québec;1991-10-25
1591;Fadi;Moreau;Idées Politiques;601 JEANNE-MANCE MONTREAL québec;1997-08-22
1592;Pépin;Maillard;La semaine hebdo;953 JEANNE-MANCE SAINT-HUBERT-DE-RIVIÈRE-DU-LOUP québec;2000-12-02
1593;Ver;Blondel;Elles et elle;878 JEANNE-MANCE MONTREAL québec;2001-10-13
1594;Beatriz;Bureau;Elle et Lui;715 JEANNE-MANCE LAVAL québec;2003-12-06
1595;Isabelle;David;La famille;999 JEANNE-MANCE MONTREAL québec;2005-06-30
1596;Isabelle;Dandurand;La famille;642 JEAN-TALON LAVAL québec;1990-07-22
1597;Peru;Vincent;As et Joker;592 JEAN-TALON SAINT-GABRIEL-DE-BRANDON  québec;1990-07-23
1598;Caroline;Desjardins;Santé et beauté;919 JEAN-TALON BOIS-DES-FILION québec;1999-05-18
1599;Patrick;Lucas;La semaine hebdo;843 JEAN-TALON MONTREAL québec;2006-08-26
1600;Maha;Bureau;Elles et elle;849 JEAN-TALON MONTREAL québec;2007-03-17
1601;Petrus;Tremblay;Camping;974 JEAN-TALON MONTREAL québec;2007-12-18
1602;Bachra;Bureau;Elle et Lui;856 LA GAUCHETIERE MONTREAL québec;1994-04-18
1603;Vincenzo;Renault;Monsieur sur son 36;552 LA GAUCHETIERE LAVAL québec;1996-11-06
1604;Alastair;Laurent;Vedette Zone;599 LA GAUCHETIERE SAINT-EUSTACHE québec;1998-02-10
1605;Albero;Henry;L'argent et vous;1005 LA GAUCHETIERE BOIS-DES-FILION québec;1999-05-26
1606;Yan;St-Amour;Camping;761 LA GAUCHETIERE MONTREAL québec;2000-07-09
1607;Mathieu;Morin;Idées Politiques;1021 LA GAUCHETIERE MONTREAL québec;2003-08-20
1608;Talal;Juteau;L'argent et vous;546 LA ROCHE MONTREAL québec;1999-12-05
1609;Mathieu;Schmitt;Camping;699 LA ROCHE MONTREAL québec;2000-01-17
1610;Fanchenn;Dupuis;Vedette Zone;976 LA ROCHE MONTREAL québec;2000-12-16
1611;Bahia;Fortier;La semaine hebdo;685 LA ROCHE SAINT-EUGÈNE-DE-LADRIÈRE québec;2003-02-20
1612;Magdalina;Bisson;Madame d'Aujourd'hui;746 LA ROCHE BOISBRIAND  québec;2006-09-08
1613;Vaihere;Aubert;L'argent et vous;962 LA ROCHE LAVAL québec;2007-05-25
1614;Amélie;Garnier;La semaine hebdo;609 LACORDAIRE LAVAL québec;1992-06-08
1615;Jayson;Maisonneuve;Chasse et pêche Laurentienne;575 LACORDAIRE SAINT-FABIEN québec;1992-11-23
1616;Dariane;Dandurand;La famille;969 LACORDAIRE MONTREAL québec;1994-12-15
1617;Fanny;Bélanger;L'argent et vous;832 LACORDAIRE BOIS-DES-FILION québec;1997-09-02
1618;Abondance;Maisonneuve;Chasse et pêche Laurentienne;603 LACORDAIRE MONTREAL québec;2002-08-19
1619;Babet;Fortier;La semaine hebdo;667 LACORDAIRE MONTREAL québec;2003-07-07
1620;Vittorino;Guillaume;Elle et Lui;968 LANGELIER SAINT-EUSTACHE québec;1996-09-18
1621;Adalbert;Tremblay;As et Joker;666 LANGELIER MONTREAL québec;1999-12-03
1622;Abélard;Menard;Idées Politiques;564 LANGELIER BOIS-DES-FILION québec;2000-11-30
1623;Vincente;Dandurand;La famille;686 LANGELIER MONTREAL québec;2001-05-11
1624;Maewenn;Bisson;Madame d'Aujourd'hui;806 LANGELIER MONTREAL québec;2004-06-24
1625;Dala;Ferreira;Vedette Zone;673 LANGELIER LAVAL québec;2004-09-06
1626;Judith;Dandurand;La famille;933 LAURIER SAINTE-THÉRÈSE québec;1990-06-04
1627;Judith;Durand;Vedette Zone;1005 LAURIER MONTREAL québec;1990-07-09
1628;Pavel;Petit;Idées Politiques;1006 LAURIER LAVAL québec;1993-01-13
1629;Adamo;Maisonneuve;Chasse et pêche Laurentienne;889 Laurier LAC-AUX-SABLES québec;1994-08-29
1630;Marcelino;Laine;L'argent et vous;796 LAURIER MONTREAL québec;1996-05-16
1631;Fasia;Deschamps;Santé et beauté;691 LAURIER BOISBRIAND  québec;1998-07-17
1632;Déanna;Desjardins;Santé et beauté;643 Laurier RACINE québec;1999-09-21
1633;Vaïla;Aubert;L'argent et vous;819 Laurier MONTREAL québec;2003-11-01
1634;Vanny;Charpentier;Elle et Lui;804 LAURIER MONTREAL québec;2005-06-07
1635;Fayçal;Ruiz;Camping;641 Laurier MONTREAL québec;2006-05-16
1636;Danièle;Clement;Elle et Lui;1038 Laurier LE BIC québec;2007-04-10
1637;Peyo;Pierre;Idées Politiques;825 Laurier AINTE-CÉCILE DE WHITTON québec;2008-11-13
1638;Marie-Pierre;Fortier;La semaine hebdo;976 LIEGE MONTREAL québec;1995-08-21
1639;Perseval;Leclerc;Vedette Zone;690 LIEGE MONTREAL québec;1996-11-24
1640;Basille;Bernard;Madame d'Aujourd'hui;872 LIEGE BOISBRIAND  québec;2000-01-22
1641;Magda;Bélanger;L'argent et vous;725 LIEGE SAINTE-THÉRÈSE québec;2003-05-02
1642;Giani;Juteau;L'argent et vous;836 LIEGE MONTREAL québec;2003-07-01
1643;Magda;Fortier;Vedette Zone;994 LIEGE LAVAL québec;2007-12-24
1644;Aldwin;Maisonneuve;Chasse et pêche Laurentienne;969 Lilas MONTREAL québec;1995-03-22
1645;Fallone;Bernier;Madame d'Aujourd'hui;603 Lilas MONTREAL québec;1998-02-09
1646;Yan;Maisonneuve;Chasse et pêche Laurentienne;736 Lilas LAVAL québec;2004-08-22
1647;Delea;Bouvier;Elles et elle;940 Lilas PARIS ile de France France;2007-05-04
1648;Caroline;Bernier;Madame d'Aujourd'hui;612 Lilas LABELLE québec;2007-07-01
1649;Malo;Lopez;La semaine hebdo;998 LORIMIER MONTREAL québec;1991-07-11
1650;Patxi;Thibault;Camping;624 LORIMIER MONTREAL québec;1993-02-01
1651;Abraham;Leclerc;La semaine hebdo;817 LORIMIER SAINTE-MÉLANIE   québec;1993-08-03
1652;Tedy;Lesage;La semaine hebdo;931 LORIMIER BOISBRIAND  québec;1993-12-30
1653;Catherine;Boulanger;Elles et elle;687 LORIMIER LAVAL québec;2006-02-12
1654;Valéria;Desjardins;Santé et beauté;923 LORIMIER MONTREAL québec;2008-11-01
1655;Delfina;Ferreira;Vedette Zone;937 LOUIS-HEBERT SAINTE-MÉLANIE   québec;1990-01-15
1656;Bessie;Albert;L'argent et vous;673 LOUIS-HEBERT MONTREAL québec;1992-01-05
1657;Maëlisse;Coallier;Elle et Lui;655 LOUIS-HEBERT LAVAL québec;1992-04-30
1658;Maé;Martel;Chasse et pêche Laurentienne;631 LOUIS-HEBERT MONTREAL québec;1995-07-21
1659;Vito;Schmitt;Camping;828 LOUIS-HEBERT BOISBRIAND  québec;1998-06-03
1660;Benedita;Bisson;Elles et elle;581 LOUIS-HEBERT MONTREAL québec;2007-02-17
1661;Judith;Desjardins;Santé et beauté;1030 LOUIS-HEMON MONTREAL québec;1997-03-05
1662;Benedetta;Bisson;Elles et elle;744 LOUIS-HEMON SAINTE-MARTINE québec;1997-06-16
1663;Maëly;Coallier;Elle et Lui;626 LOUIS-HEMON LAVAL québec;1999-09-05
1664;Fadel;Prevost;Monsieur sur son 36;946 LOUIS-HEMON BOISBRIAND  québec;2000-03-26
1665;Théau;Leveque;La semaine hebdo;799 LOUIS-HEMON MONTREAL québec;2001-12-19
1666;Caroline;Charrier;Elle et Lui;900 LOUIS-HEMON MONTREAL québec;2003-06-19
1667;Albertini;Monnier;Idées Politiques;651 MAGUIRE MONTREAL québec;1996-08-01
1668;Alberico;Henry;L'argent et vous;1029 MAGUIRE BOISBRIAND  québec;2000-10-18
1669;Beverley;Blanc;Elles et elle;1040 MAGUIRE LAVAL québec;2003-02-21
1670;Velia;Bernier;Madame d'Aujourd'hui;578 MAGUIRE MONTREAL québec;2005-09-14
1671;Judith;David;La famille;860 MAGUIRE SAINTE-MARTHE-SUR-LE-LAC québec;2007-02-12
1672;Pau;Perez;Idées Politiques;838 MAGUIRE MONTREAL québec;2007-12-21
1673;Tebaud;Leroy;La semaine hebdo;602 MAISONNEUVE MONTREAL québec;1991-02-27
1674;Marie-Pierre;Dandurand;La famille;546 MAISONNEUVE BOISBRIAND  québec;1991-09-23
1675;Delinda;Boyer;Elles et elle;991 MAISONNEUVE SAINTE-MARTHE-SUR-LE-LAC québec;1999-03-09
1676;Vicente;Fortier;La semaine hebdo;939 MAISONNEUVE MONTREAL québec;2001-10-05
1677;Baya;Bureau;Elle et Lui;925 MAISONNEUVE MONTREAL québec;2005-07-25
1678;Maëliss;Bruneau;Elles et elle;884 MAISONNEUVE LAVAL québec;2006-10-31
1679;Mathieu;Vasseur;As et Joker;685 MASSON MONTREAL québec;1998-07-20
1680;Fanny;Desjardins;Santé et beauté;895 MASSON MONTREAL québec;1999-04-07
1681;Theodor;Leveque;La semaine hebdo;554 MASSON SAINT-ÉLOI québec;2001-12-16
1682;Yan;Leclerc;Vedette Zone;1031 MASSON BOISBRIAND  québec;2002-11-13
1683;Thadeus;St-Amour;Camping;876 MASSON MONTREAL québec;2003-02-04
1684;Paulus;Thierry;Camping;872 MASSON LAVAL québec;2008-05-19
1685;Caroline;Brunel;Elles et elle;742 McGILL BOISBRIAND  québec;1990-12-03
1686;Vitali;Rey;Monsieur sur son 36;966 McGILL MONTREAL québec;1993-09-02
1687;Magdalaine;Gay;La semaine hebdo;666 McGILL MONTREAL québec;1999-03-22
1688;Magdalen;Bureau;Elles et elle;698 McGILL LAVAL québec;2002-01-11
1689;Giacomo;Mallet;Chasse et pêche Laurentienne;663 McGILL MONTREAL québec;2007-10-28
1690;Tangi;Simon;Camping;1013 McGILL SAINTE-JULIENNE  québec;2008-07-29
1691;Judith;Bernier;Madame d'Aujourd'hui;639 McGILL COLLÈGE BOISBRIAND  québec;1990-07-02
1692;Fanny;Garcia;La semaine hebdo;595 McGILL COLLÈGE LAVAL québec;1996-09-22
1693;Béa;Fortier;La semaine hebdo;849 McGILL COLLÈGE MONTREAL québec;1999-06-15
1694;Tatien;Lemoine;La semaine hebdo;984 McGILL COLLÈGE MONTREAL québec;2005-09-13
1695;Valerienne;Aubry;L'argent et vous;809 McGILL COLLÈGE SAINTE-BRIGIDE D'IBERVILLE québec;2005-11-05
1696;Fabricio;Maisonneuve;Chasse et pêche Laurentienne;845 McGILL COLLÈGE MONTREAL québec;2008-12-08
1697;Amélie;Dupont;Vedette Zone;1033 McGREGOR MONTREAL québec;1993-07-24
1698;Alberti;Hubert;L'argent et vous;573 McGREGOR LAVAL québec;1995-07-17
1699;Amélie;Barthelemy;L'argent et vous;634 McGREGOR MONTREAL québec;2001-02-16
1700;Veronica;Desjardins;Santé et beauté;803 McGREGOR BOISBRIAND  québec;2001-10-05
1701;Isabelle;Coste;La famille;647 McGREGOR SAINTE-ADÈLE québec;2005-04-10
1702;Madoc;Riviere;Monsieur sur son 36;699 McGREGOR MONTREAL québec;2008-11-17
1703;Félicianna;Bernier;Madame d'Aujourd'hui;609 Mélèzes LAVAL québec;2005-12-26
1704;Taj;Lemaitre;La semaine hebdo;914 Mélèzes MONTREAL québec;2006-05-26
1705;Caroline;Dumont;Santé et beauté;859 Mélèzes PACKINGTON québec;2007-10-13
1706;Bertilie;Dupont;Vedette Zone;718 Mélèzes KITCHENER ontario;2007-10-23
1707;Faïrouz;Bureau;Elle et Lui;875 Mélèzes MONTREAL québec;2009-02-08
1708;Caroline;Colin;La famille;826 METCALFE MONTREAL québec;salut
1709;Manaël;Pelletier;Idées Politiques;652 METCALFE MONTREAL québec;1990-02-06
1710;Madge;Bélanger;L'argent et vous;675 METCALFE MONTREAL québec;1994-12-03
1711;Peter;Menard;Chasse et pêche Laurentienne;818 METCALFE SAINTE-ADÈLE québec;1999-02-23
1712;Marc;Valentin;As et Joker;889 METCALFE LAVAL québec;2004-07-08
1713;Paulin;Maurice;Chasse et pêche Laurentienne;627 METCALFE BOISBRIAND québec;2009-02-21
1714;Bethany;Dupre;Vedette Zone;884 MISÉRICORDE SAINT-DONAT   québec;1991-05-25
1715;Paul;Masse;Chasse et pêche Laurentienne;883 MISÉRICORDE MONTREAL québec;1992-02-15
1716;Marc;Maisonneuve;Chasse et pêche Laurentienne;714 MISÉRICORDE LAVAL québec;1998-08-11
1717;German;Renaud;Monsieur sur son 36;986 MISÉRICORDE BOISBRIAND québec;2003-09-21
1718;Fanny;Boulanger;Elles et elle;810 MISÉRICORDE MONTREAL québec;2004-12-02
1719;Baïa;Coallier;La famille;863 MISÉRICORDE MONTREAL québec;2005-02-04
1720;Dafné;Ferreira;Vedette Zone;797 MONK SAINT-DONAT   québec;1993-10-19
1721;Paul-Emmanuel;Perez;Idées Politiques;707 MONK MONTREAL québec;2000-07-18
1722;Victorien;Juteau;L'argent et vous;724 MONK MONTREAL québec;2003-04-01
1723;Isabelle;Desjardins;Santé et beauté;998 MONK MONTREAL québec;2005-10-29
1724;Marceau;Guillet;Santé et beauté;896 MONK LAVAL québec;2007-03-23
1725;Mansour;Lopez;La semaine hebdo;594 MONK BLAINVILLE  québec;2008-05-18
1726;Adelmard;Gomez;Madame d'Aujourd'hui;668 MONTAGNE SAINT-DENIS-SUR-RICHELIEU québec;1993-01-07
1727;Violaine;Bernier;Madame d'Aujourd'hui;980 MONTAGNE BLAINVILLE  québec;1993-08-03
1728;Viano;Fortier;La semaine hebdo;656 MONTAGNE MONTREAL québec;1994-06-07
1729;Teiki;Langevin;La famille;692 MONTAGNE MONTREAL québec;1999-06-25
1730;Faridah;Deschamps;Santé et beauté;817 MONTAGNE MONTREAL québec;2001-11-12
1731;Fayza;Carpentier;Elle et Lui;956 MONTAGNE LAVAL québec;2006-03-02
1732;Darine;Auger;L'argent et vous;743 MONTCALM MONTREAL québec;1992-11-24
1733;Davia;Bailly;L'argent et vous;954 MONTCALM MONTREAL québec;1994-10-30
1734;Bélinda;Bureau;Elle et Lui;768 MONTCALM BLAINVILLE  québec;1995-09-19
1735;Makario;Klein;L'argent et vous;794 MONTCALM SAINT-DAMASE québec;1996-02-13
1736;Damiana;Chevalier;Elle et Lui;858 MONTCALM LAVAL québec;1999-05-11
1737;Daria;Brun;Elles et elle;702 MONTCALM MONTREAL québec;2001-09-15
1738;Caroline;Boulanger;Elles et elle;953 Morin MONTREAL québec;1992-08-28
1739;Bastiana;Bureau;Elle et Lui;925 Morin MONTREAL québec;1996-07-26
1740;Jayson;Leclerc;Vedette Zone;968 Morin OKA  québec;2000-04-13
1741;Marceles;Tanguy;Camping;904 Morin LAVAL québec;2004-05-01
1742;Paoli;Martins;Chasse et pêche Laurentienne;773 Morin HEMMINGFORD québec;2004-12-01
1743;Petru;Tremblay;Camping;881 NOTRE-DAME MONTREAL québec;1991-07-20
1744;Madlie;Bélanger;L'argent et vous;630 NOTRE-DAME MONTREAL québec;1991-10-07
1745;Perul;Maillard;La semaine hebdo;558 NOTRE-DAME SAINT-CYPRIEN québec;1994-10-11
1746;Marie-Pierre;Dupuy;Vedette Zone;564 NOTRE-DAME LAVAL québec;1994-10-25
1747;Isabelle;Barre;L'argent et vous;790 NOTRE-DAME MONTREAL québec;1994-12-02
1748;Felisa;Antoine;L'argent et vous;911 Notre-Dame PIEDMONT québec;1999-03-09
1749;Fabio;Maisonneuve;Chasse et pêche Laurentienne;709 NOTRE-DAME BLAINVILLE  québec;1999-09-24
1750;Catherine;Brunet;Elles et elle;972 Notre-Dame LABELLE québec;2000-01-05
1751;Amélie;Fortier;Vedette Zone;994 Notre-Dame MONTREAL québec;2000-12-05
1752;Benniga;Bureau;Elle et Lui;1027 Notre-Dame LAVAL québec;2005-05-31
1753;Marc;Juteau;L'argent et vous;882 Notre-Dame MONTREAL québec;2005-08-31
1754;Alane;Laurent;Vedette Zone;732 ONTARIO MONTREAL québec;1994-09-02
1755;Madaleno;Bisson;Madame d'Aujourd'hui;756 ONTARIO MONTREAL québec;1996-08-23
1756;Pépito;Pierre;Idées Politiques;968 ONTARIO BLAINVILLE  québec;1996-11-15
1757;Abiel;Pierre;Monsieur sur son 36;697 ONTARIO LAVAL québec;1997-07-30
1758;Mathieu;Rousseau;Monsieur sur son 36;870 ONTARIO MONT-LAURIER québec;2000-01-23
1759;Thadée;St-Amour;Camping;922 ONTARIO SAINT-CONSTANT québec;2006-09-07
1760;Danny;Breton;Elles et elle;670 Ormes MONTREAL québec;1994-04-19
1761;Tahar;Ollivier;Idées Politiques;636 Ormes LAVAL québec;1996-05-09
1762;Pere;Roger;Monsieur sur son 36;849 Ormes LABELLE québec;1998-11-04
1763;Vicki;Bodin;Elles et elle;623 Ormes PIOPOLIS québec;1999-07-17
1764;Fanny;Girard;Idées Politiques;714 Ormes MONTREAL québec;2000-12-15
1765;Mamerto;Martinez;Chasse et pêche Laurentienne;715 OUTREMONT BLAINVILLE  québec;1991-06-28
1766;Fabienne;Alexandre;L'argent et vous;658 OUTREMONT SAINT-COLOMBAN québec;1992-10-27
1767;Verona;Desjardins;Santé et beauté;914 OUTREMONT MONT-LAURIER québec;1998-08-15
1768;Judith;Bertin;Madame d'Aujourd'hui;661 OUTREMONT MONTREAL québec;1999-07-16
1769;Delfine;Girard;Camping;1025 OUTREMONT MONTREAL québec;2003-10-18
1770;Darlène;Desjardins;Santé et beauté;601 OUTREMONT LAVAL québec;2008-04-07
1771;Marie-Pierre;Chauvet;Elle et Lui;752 PAPINEAU SAINT-COLOMBAN québec;1990-02-23
1772;Alderic;Huet;L'argent et vous;802 PAPINEAU MONTREAL québec;1994-10-04
1773;Madalen;Bélanger;L'argent et vous;990 PAPINEAU BLAINVILLE  québec;2003-05-28
1774;Amélie;David;Santé et beauté;726 PAPINEAU MONT-LAURIER québec;2006-09-15
1775;Pauly;Rodriguez;Monsieur sur son 36;835 PAPINEAU MONTREAL québec;2007-04-10
1776;Terence;Marechal;Chasse et pêche Laurentienne;933 PAPINEAU LAVAL québec;2008-04-12
1777;Madeline;Bélanger;L'argent et vous;850 PARK MONT-LAURIER québec;1992-03-31
1778;Betti;Germain;Chasse et pêche Laurentienne;936 PARK SAINT-CHARLES-SUR-RICHELIEU québec;1992-04-20
1779;Albar;Maisonneuve;Chasse et pêche Laurentienne;878 PARK MONTREAL québec;1997-03-23
1780;Faustine;Courtois;La famille;874 PARK LAVAL québec;1998-09-05
1781;Téodore;Marchand;Chasse et pêche Laurentienne;575 PARK MONTREAL québec;2005-05-24
1782;Catherine;Bisson;Elles et elle;930 PARK BLAINVILLE  québec;2008-07-25
1783;Damaris;Besnard;Madame d'Aujourd'hui;883 Paul MONTREAL québec;1993-10-21
1784;Gerry;Renault;Monsieur sur son 36;948 Paul HUDSON québec;1994-09-07
1785;Fania;Camus;Elle et Lui;773 Paul MONTREAL québec;1999-04-16
1786;Danica;Girard;Camping;1021 Paul OKA  québec;2003-12-31
1787;Fanny;Brunel;Elles et elle;610 Paul LAVAL québec;2004-05-19
1788;Madalena;Dandurand;La famille;983 PEEL MONTREAL québec;1991-06-23
1789;Fanny;Dandurand;La famille;593 PEEL MONTREAL québec;1996-09-16
1790;Fanette;Camus;Elle et Lui;910 PEEL SAINT-CÉSAIRE québec;1997-06-09
1791;Mathieu;Maisonneuve;Chasse et pêche Laurentienne;1004 PEEL BLAINVILLE  québec;1999-02-14
1792;Fahmi;Lebreton;Vedette Zone;748 PEEL LAVAL québec;2003-07-21
1793;Febe;Bernier;Madame d'Aujourd'hui;962 PEEL MONT-LAURIER québec;2004-02-23
1794;Yvan;Skivoll;As et Joker;1234 PetiteVache MONTREAL dordogne France;2004-08-28
1795;Mathieu;Tremblay;As et Joker;963 Peupliers NOTRE-DAME-DES-PRAIRIES  québec;1991-05-06
1796;Amélie;Bureau;Elle et Lui;936 Peupliers MONTREAL québec;1999-11-02
1797;Thad;Richard;Monsieur sur son 36;737 Peupliers GRENVILLE québec;2003-10-02
1798;Patrick;Tessier;Camping;638 Peupliers LAVAL québec;2005-05-19
1799;Judith;Girard;Monsieur sur son 36;973 Peupliers MONTREAL québec;2008-07-25
1800;Maggy;Bureau;Elles et elle;858 PIE IX BLAINVILLE  québec;1994-11-05
1801;Madrinë;Loiseau;La semaine hebdo;880 PIE IX LAVAL québec;1998-12-17
1802;Yan;Rousseau;Camping;607 PIE IX SAINT-CÉLESTIN québec;1999-03-14
1803;Marie-Pierre;Garnier;La semaine hebdo;1008 PIE IX MONTREAL québec;2000-05-26
1804;Théodosius;Riou;Monsieur sur son 36;742 PIE IX MONTREAL québec;2003-12-26
1805;Barba;Adam;L'argent et vous;968 PIE IX MONT-LAURIER québec;2006-08-24
1806;Adaïa;Langevin;La famille;802 Pins GRENVILLE-SUR-LA-ROUGE québec;1994-04-11
1807;Amélie;Devaux;Santé et beauté;640 Pins MONTREAL québec;1999-07-31
1808;Fabianne;Cohen;La famille;649 Pins PIEDMONT québec;1999-10-01
1809;Vianna;Bernier;Madame d'Aujourd'hui;994 Pins LAVAL québec;2000-07-09
1810;Georgius;Julien;L'argent et vous;816 Pins MONTREAL québec;2000-12-12
1811;Geoffroi;Lefevre;La semaine hebdo;992 Pins LAVAL québec;2001-06-26
1812;Dania;Fischer;Vedette Zone;633 Pins LABELLE québec;2004-04-03
1813;Thaddée;Langevin;La famille;750 Pins NOTRE-DAME-DU-PORTAGE  québec;2004-09-25
1814;Fabion;Leclerc;La semaine hebdo;1019 Pins MONTREAL québec;2008-02-01
1815;Patricio;Thibault;Camping;757 Pins MONTREAL québec;2008-02-23
1816;Judith;Chauvin;Elle et Lui;903 PLACE d'ARMES LAVAL québec;1993-11-25
1817;Danaé;Dandurand;La famille;910 PLACE d'ARMES MONT-JOLI québec;1995-12-06
1818;Dayana;Bailly;L'argent et vous;559 PLACE d'ARMES BLAINVILLE  québec;1996-03-02
1819;Taron;St-Amour;Camping;912 PLACE d'ARMES SAINT-BRUNO-DE-MONTARVILLE québec;1998-01-05
1820;Magalie;Bisson;Madame d'Aujourd'hui;763 PLACE d'ARMES MONTREAL québec;2005-09-11
1821;Albert;Poulain;Monsieur sur son 36;685 PLACE d'ARMES MONTREAL québec;2007-08-06
1822;Paris;Roche;Monsieur sur son 36;713 PRÉSIDENT KENNEDY MONTREAL québec;1990-12-23
1823;Maëlyss;Coallier;Elle et Lui;928 PRÉSIDENT KENNEDY BLAINVILLE  québec;1991-01-05
1824;Magdalen;Dandurand;La famille;1022 PRÉSIDENT KENNEDY SAINT-BRUNO-DE-GUIGUES québec;1991-07-16
1825;Béatrice;Bernier;Madame d'Aujourd'hui;682 PRÉSIDENT KENNEDY MONTREAL québec;2000-01-14
1826;Paol;Vidal;As et Joker;958 PRÉSIDENT KENNEDY LAVAL québec;2000-10-31
1827;Gideon;Sanchez;Camping;590 PRÉSIDENT KENNEDY MIRABEL québec;2003-05-02
1828;Theiss;Juteau;L'argent et vous;712 PRINCE ARTHUR BLAINVILLE québec;1992-07-19
1829;Maëlly;Bruneau;Elles et elle;752 PRINCE ARTHUR MONTREAL québec;1994-10-10
1830;Gerrie;Langevin;La famille;816 PRINCE ARTHUR MIRABEL québec;1995-10-23
1831;Vallonia;Charles;Elle et Lui;972 PRINCE ARTHUR LAVAL québec;2001-11-22
1832;Alban;Maisonneuve;Chasse et pêche Laurentienne;867 PRINCE ARTHUR MONTREAL québec;2002-06-19
1833;Perrin;Tremblay;Camping;687 PRINCE ARTHUR SAINT-AUGUSTIN-DE-WOBURN québec;2006-06-30
1834;Terrance;Richard;Monsieur sur son 36;1006 Principale MONTREAL québec;1991-07-02
1835;Teddy;St-Amour;Camping;772 Principale LAVAL québec;1992-01-21
1836;Maël;Bureau;Elles et elle;895 Principale MONTREAL québec;1992-06-13
1837;Abilio;Tremblay;As et Joker;834 Principale GRANDES-PILES  québec;1992-12-06
1838;Amélie;Buisson;Elles et elle;880 Principale SAINT-JÉRÔME québec;1994-02-02
1839;Betsy;Gerard;Chasse et pêche Laurentienne;589 Principale MONTREAL québec;1994-09-06
1840;Marc;Verdier;As et Joker;646 Principale MONTREAL québec;1994-11-16
1841;Teikimoeatua;Valentin;As et Joker;622 Principale LAVAL québec;1997-02-03
1842;Faustino;Morel;Idées Politiques;723 Principale LA PLAINE  québec;1997-04-30
1843;Mafalda;Coallier;Elle et Lui;878 Principale MONTREAL québec;1997-07-14
1844;Isabelle;Garnier;La semaine hebdo;871 Principale NORTH HATLEY  québec;1998-09-05
1845;Adelphe;Poirier;Monsieur sur son 36;679 Principale PARIS ile de France France;1999-05-05
1846;Victorina;Da;La famille;703 Principale LAVAL québec;2002-05-05
1847;Geoffrey;Lefevre;La semaine hebdo;1027 Principale GRENVILLE québec;2004-05-16
1848;Basilia;Fortier;La semaine hebdo;671 Principale MONTREAL québec;2006-07-18
1849;Adams;Laurent;Vedette Zone;1002 Quai LAVAL québec;1994-03-12
1850;Aldrick;Gonçalves;Elles et elle;785 Quai MONTREAL québec;1998-03-25
1851;Bess;Fortier;La semaine hebdo;1011 Quai HENRYVILLE québec;2003-05-02
1852;Isabelle;Bélanger;L'argent et vous;920 Quai MONTREAL québec;2006-12-30
1853;Peli;Mahe;La semaine hebdo;618 Quai OKA  québec;2008-03-20
1854;Mabelia;Bisson;Madame d'Aujourd'hui;562 QUEEN MARY SAINT-ATHANASE québec;1990-08-19
1855;Adama;Michel;Idées Politiques;729 QUEEN MARY BLAINVILLE québec;1996-05-28
1856;Barbera;Denis;Santé et beauté;851 QUEEN MARY LAVAL québec;1997-04-05
1857;Marie-Pierre;Bisson;Elles et elle;617 QUEEN MARY MIRABEL québec;1998-08-30
1858;Mahats;Bisson;Madame d'Aujourd'hui;955 QUEEN MARY MONTREAL québec;2004-08-01
1859;Daniela;Breton;Elles et elle;795 QUEEN MARY MONTREAL québec;2007-08-15
1860;Peet;Langevin;L'argent et vous;999 RACHEL MONTREAL québec;1991-09-06
1861;Madina;Bisson;Madame d'Aujourd'hui;902 RACHEL BIC/SAINT-FABIEN québec;1992-02-18
1862;Aboubakar;Mercier;Idées Politiques;854 RACHEL MIRABEL québec;1993-05-09
1863;Pelai;Vincent;As et Joker;998 RACHEL LAVAL québec;1996-12-10
1864;Mabel;Bélanger;L'argent et vous;612 RACHEL SAINT-ARMAND québec;2003-05-17
1865;Adhémar;Roussel;Camping;734 RACHEL MONTREAL québec;2006-04-27
1866;Catherine;Girard;Idées Politiques;721 Richard MONTREAL québec;1994-09-29
1867;Yan;Martel;Chasse et pêche Laurentienne;1000 Richard LA PRAIRIE québec;1997-05-10
1868;Fannie;Bernier;Madame d'Aujourd'hui;944 Richard MONTREAL québec;2002-12-26
1869;Marie-Pierre;Desjardins;Santé et beauté;608 Richard PARIS ile de France France;2005-04-18
1870;Vahiné;Francois;La semaine hebdo;582 Richard LAVAL québec;2006-03-23
1871;Patricius;Leclerc;Vedette Zone;796 Robert MONTREAL québec;1991-06-09
1872;Damienne;Fischer;Vedette Zone;765 Robert LEJEUNE québec;1994-06-07
1873;Maggie;Didier;Santé et beauté;905 Robert Aix Limousin France;1994-12-16
1874;Benate;Bisson;Elles et elle;604 Robert MONTREAL québec;2001-09-29
1875;Amélie;Bourdon;Elles et elle;622 Robert RAWDON  québec;2002-03-24
1876;Judith;Fortier;La semaine hebdo;712 Robert LAC-AUX-SABLES québec;2004-12-14
1877;Fatèh;Lefebvre;La semaine hebdo;598 ROSEMONT MONTREAL québec;1995-01-29
1878;Fabrice;Gonzalez;Elle et Lui;965 ROSEMONT BELOEIL québec;1995-04-21
1879;Patrik;Marty;Chasse et pêche Laurentienne;665 ROSEMONT MIRABEL québec;2000-10-01
1880;Caroline;Bélanger;L'argent et vous;972 ROSEMONT SAINT-ANTOINE-SUR-RICHELIEU  québec;2002-09-10
1881;Macaire;Juteau;L'argent et vous;845 ROSEMONT LAVAL québec;2006-09-18
1882;Gharib;Guichard;Elle et Lui;782 ROSEMONT MONTREAL québec;2008-12-17
1883;Caroline;Daniel;La famille;805 ROUEN LAVAL québec;1990-05-15
1884;Pancrace;Martins;Chasse et pêche Laurentienne;909 ROUEN MONTREAL québec;1992-06-12
1885;Judith;Coulon;La famille;908 ROUEN MIRABEL québec;1993-01-18
1886;Théophile;St-Amour;Camping;746 ROUEN Bellechassagne Limousin France;1993-09-04
1887;Maena;Bureau;Elles et elle;755 ROUEN MONTREAL québec;1994-11-12
1888;Alaeddine;Tremblay;As et Joker;758 ROUEN SAINT-ANTOINE-SUR-RICHELIEU  québec;2000-10-21
1889;Judith;Dupond;Vedette Zone;660 Ruisseau LAVAL québec;1990-05-12
1890;Catherine;Allard;L'argent et vous;620 Ruisseau MONTREAL québec;2000-07-08
1891;Alejandro;Roy;Camping;845 Ruisseau NOMININGUE québec;2000-10-02
1892;Thang;Leveque;La semaine hebdo;940 Ruisseau FRELIGHSBURG  québec;2005-10-30
1893;Marie-Pierre;Boulanger;Elles et elle;558 Ruisseau MONTREAL québec;2007-01-08
1894;Aladin;Poulain;Monsieur sur son 36;948 Saint- MONTREAL québec;1997-11-15
1895;Marc;Thibault;Camping;891 Saint- PREVOST québec;2001-04-02
1896;Benita;Coallier;La famille;574 Saint- MONTREAL québec;2004-09-12
1897;Fanny;Daniel;La famille;680 Saint- LAVERLOCHÈRE québec;2006-12-09
1898;Tarek;Simon;Camping;733 Saint- Affieux Limousin France;2007-04-29
1899;Darice;Bourgeois;Elles et elle;714 Saint- LAC-AUX-SABLES québec;2008-05-02
1900;Delila;Bouvier;Elles et elle;545 SAINT-ALEXANDRE MONTREAL québec;1992-11-23
1901;Théophil;St-Amour;Camping;785 SAINT-ALEXANDRE MONTREAL québec;1994-04-17
1902;Jayson;Legendre;La semaine hebdo;610 SAINT-ALEXANDRE LANIEL québec;1995-06-09
1903;Gexan;Maisonneuve;Chasse et pêche Laurentienne;1011 SAINT-ALEXANDRE MILLE-ISLES québec;1996-12-10
1904;Pablito;Louis;La semaine hebdo;832 SAINT-ALEXANDRE Beaulieu-sur-dordogne Limousin France;1999-07-09
1905;Maëly;Fortier;Vedette Zone;987 SAINT-ALEXANDRE SAINT-AMBROISE DE KILDARE  québec;1999-09-01
1906;Tatian;St-Amour;Camping;991 Saint-André SAINT-JÉRÔME québec;1994-12-29
1907;Théodoret;Riou;Monsieur sur son 36;872 Saint-André MONTREAL québec;1995-01-26
1908;Madelaine;Didier;Santé et beauté;639 Saint-André GRENVILLE québec;2000-03-07
1909;Vincente;Marchal;Chasse et pêche Laurentienne;810 Saint-André MONTREAL québec;2000-09-13
1910;Yan;Langevin;Santé et beauté;759 Saint-André LAVAL québec;2006-12-18
1911;Patrick;Pereira;Idées Politiques;805 SAINT-ANTOINE BEAUHARNOIS québec;1990-02-16
1912;Delhia;Barbier;L'argent et vous;703 SAINT-ANTOINE LAMBTON québec;1992-12-23
1913;Via;Da;La famille;974 SAINT-ANTOINE MONTREAL québec;1993-02-01
1914;Judith;Devaux;Santé et beauté;768 SAINT-ANTOINE MONTREAL québec;1993-02-13
1915;Fathi;Prevost;Monsieur sur son 36;805 SAINT-ANTOINE L'ANGE-GARDIEN québec;1993-04-03
1916;Théodore;Pasquier;Idées Politiques;804 SAINT-ANTOINE MONTREAL québec;1996-12-14
1917;Fantine;Girard;Idées Politiques;808 SAINT-ANTOINE MILLE-ISLES québec;1998-01-02
1918;Albin;Huet;L'argent et vous;943 SAINT-ANTOINE BÉARN québec;2000-08-21
1919;Maëlane;Dos;Santé et beauté;654 SAINT-ANTOINE MILLE-ISLES québec;2001-06-09
1920;Caroline;Coallier;Elle et Lui;685 SAINT-ANTOINE MONTREAL québec;2003-12-20
1921;Danielle;Bigot;Madame d'Aujourd'hui;891 SAINT-ANTOINE SAINT-ALEXIS-DES-MONTS  québec;2007-06-12
1922;Deirdre;Barbe;L'argent et vous;614 SAINT-ANTOINE SAINT-AMABLE québec;2009-02-27
1923;Isabelle;Bourdon;Elles et elle;890 Saint-Charles MONTREAL québec;1990-05-17
1924;Patrick;Hebert;L'argent et vous;744 Saint-Charles MONTREAL québec;1994-12-10
1925;Maden;Bélanger;L'argent et vous;987 Saint-Charles L'ÉPIPHANIE  québec;1996-07-31
1926;Amélie;Giraud;As et Joker;691 Saint-Charles REPENTIGNY   québec;1997-03-04
1927;Bernie;Coallier;La famille;670 Saint-Charles ALBANY new-york Etats-Unis;1998-03-01
1928;Maëline;Brun;Elles et elle;573 Saint-Charles LAC-AUX-SABLES québec;2002-09-20
1929;Maher;Riviere;Monsieur sur son 36;571 SAINT-CLÉMENT MARSTON québec;1993-04-12
1930;Mandé;St-Amour;Camping;648 SAINT-CLÉMENT Bassignac-le-haut Limousin France;1996-11-29
1931;Mathieu;Legendre;La semaine hebdo;741 SAINT-CLÉMENT LAC-SAGUAY québec;1996-12-15
1932;Fabiola;Germain;Idées Politiques;795 SAINT-CLÉMENT MONTREAL québec;1998-11-30
1933;Vicencio;Renault;Monsieur sur son 36;807 SAINT-CLÉMENT MONTREAL québec;2000-08-25
1934;Fabia;Blanc;Elles et elle;869 SAINT-CLÉMENT SAINT-ALEXANDRE québec;2006-08-15
1935;Thanh;Richard;Monsieur sur son 36;605 Saint-Denis OKA  québec;1991-08-06
1936;Mathieu;Robin;Monsieur sur son 36;1015 Saint-Denis MONTREAL québec;1991-08-22
1937;Besse;Descamps;Santé et beauté;756 SAINT-DENIS MONTREAL québec;1992-07-31
1938;Magdaline;Bélanger;L'argent et vous;752 Saint-Denis LAVAL québec;1992-11-10
1939;Vaitiare;Bouchet;Elles et elle;781 Saint-Denis MONTREAL québec;1994-10-06
1940;Adelardo;Leclerc;La semaine hebdo;773 Saint-Denis MONTREAL québec;1997-09-04
1941;Daralea;Briand;Elles et elle;763 Saint-Denis MONTREAL québec;2000-01-24
1942;Magalie;Benoit;L'argent et vous;690 Saint-Denis GRENVILLE québec;2000-07-24
1943;Mathieu;Leclerc;Vedette Zone;684 Saint-Denis LAVAL québec;2002-08-20
1944;Patrick;Schneider;Camping;793 Saint-Denis SAINT-JÉRÔME québec;2002-10-24
1945;Maguelonne;Bélanger;L'argent et vous;616 SAINT-DENIS SAINT-ADOLPHE-D'HOWARD québec;2003-07-03
1946;Dalla;Fischer;Vedette Zone;901 SAINT-DENIS LAC-SAGUAY québec;2004-08-31
1947;Abib;Mercier;Idées Politiques;992 SAINT-DENIS Bassignac-le-bas Limousin France;2004-12-24
1948;Mahel;Vasseur;As et Joker;809 SAINT-DENIS MARIEVILLE québec;2005-06-06
1949;Tanguy;Paris;Idées Politiques;812 SAINT-DENIS MONTREAL québec;2008-07-01
1950;Perisol;Maury;Chasse et pêche Laurentienne;651 Saint-Denis JOLIETTE  québec;2008-12-24
1951;Mahalia;Fortier;Vedette Zone;1006 Sainte-Anne LAVAL québec;1991-11-24
1952;Fabiano;Roy;Camping;713 Sainte-Anne MONTREAL québec;1994-05-29
1953;Delia;Bouvier;Elles et elle;801 Sainte-Anne MONTREAL québec;1998-07-27
1954;Albi;Moreau;Idées Politiques;1021 Sainte-Anne NOTRE DAME DE STANBRIDGE québec;2002-01-26
1955;Bélina;Adam;L'argent et vous;698 Sainte-Anne GREENFIELD PARK québec;2007-02-17
1956;Victoria;Arnaud;L'argent et vous;822 SAINTE-CATHERINE MONTREAL québec;1991-08-04
1957;Fabiane;Alexandre;L'argent et vous;928 SAINTE-CATHERINE LAC-SAGUAY québec;1994-04-02
1958;Fabricius;Leclerc;La semaine hebdo;761 SAINTE-CATHERINE BATISCAN québec;1995-01-28
1959;Yan;Verdier;As et Joker;912 SAINTE-CATHERINE MONTREAL québec;1997-10-18
1960;Paul-Etienne;Perrot;Idées Politiques;793 SAINTE-CATHERINE MASCOUCHE  québec;2000-10-25
1961;Magui;Bélanger;L'argent et vous;1006 SAINTE-CATHERINE SAINT-ALEXIS-DES-MONTS québec;2008-02-28
1962;Tamer;Lemaitre;La semaine hebdo;649 Sainte-Marie NOMININGUE québec;1996-12-01
1963;Madly;Buisson;Elles et elle;614 Sainte-Marie LAVAL québec;1998-03-19
1964;Adan;Poirier;Monsieur sur son 36;945 Sainte-Marie MONTREAL québec;1998-06-19
1965;Georgy;Lefevre;La semaine hebdo;718 Sainte-Marie MONTREAL québec;2002-08-04
1966;Téodoro;Paris;Idées Politiques;689 Sainte-Marie FRONTENAC québec;2007-07-31
1967;Fadèla;Allain;L'argent et vous;889 SAINT-GABRIEL LAC-SAGUAY québec;1991-08-10
1968;Falone;Girard;Idées Politiques;759 SAINT-GABRIEL BARNSTON-OUEST québec;1994-03-20
1969;Catherine;Girard;Camping;794 SAINT-GABRIEL MONTREAL québec;1994-12-04
1970;Patrick;Robin;Monsieur sur son 36;723 SAINT-GABRIEL MONTREAL québec;1996-12-12
1971;Adelin;Maisonneuve;Chasse et pêche Laurentienne;565 SAINT-GABRIEL SAINT-ADOLPHE-D'HOWARD québec;2000-10-12
1972;Vinciane;Bernier;Madame d'Aujourd'hui;772 SAINT-GABRIEL MARBLETON québec;2003-10-14
1973;Dauphine;Auger;L'argent et vous;610 Saint-Georges NOTRE-DAME-DU-LAUS québec;1996-03-18
1974;Pello;Leclerc;Vedette Zone;647 Saint-Georges MONTREAL québec;1997-06-22
1975;Patrick;Roussel;Camping;1014 Saint-Georges GRENVILLE-SUR-LA-ROUGE québec;1998-12-06
1976;Pelaio;Rodriguez;Monsieur sur son 36;574 Saint-Georges LAVAL québec;1999-07-08
1977;Amélie;Coulon;La famille;769 Saint-Georges MONTREAL québec;2000-09-06
1978;Judith;Bisson;Elles et elle;732 SAINT-HENRI MONTREAL québec;1994-10-28
1979;Théophano;Laroche;Santé et beauté;749 SAINT-HENRI MANSONVILLE québec;1995-02-25
1980;Jayson;Peltier;Idées Politiques;624 SAINT-HENRI Bar Limousin France;1995-04-22
1981;Maden;Paul;Idées Politiques;938 SAINT-HENRI MONTREAL québec;2007-01-04
1982;Jayson;Morin;Idées Politiques;1001 SAINT-HENRI ROXTON FALLS québec;2007-01-17
1983;Paulino;Langevin;La famille;722 SAINT-HENRI LAC-SAGUAY québec;2008-04-02
1984;Magdalena;Coallier;Elle et Lui;553 SAINT-HUBERT LAC-SAGUAY québec;1991-04-14
1985;Perrot;Langevin;La famille;746 SAINT-HUBERT MONTREAL québec;1992-11-04
1986;Farah;Descamps;Santé et beauté;620 SAINT-HUBERT MONTREAL québec;1997-09-17
1987;Percy;Vincent;As et Joker;724 SAINT-HUBERT MALARTIC québec;2000-03-20
1988;Alderick;Maisonneuve;Chasse et pêche Laurentienne;1029 SAINT-HUBERT Ayen Limousin France;2000-05-26
1989;Babette;David;Santé et beauté;594 SAINT-HUBERT ROUYN-NORANDA québec;2000-12-30
1990;Viktorina;Boucher;Elles et elle;814 SAINT-JACQUES LACOLLE québec;1990-09-08
1991;Fanny;Bernier;Madame d'Aujourd'hui;964 SAINT-JACQUES MONTREAL québec;1995-09-28
1992;Madiane;Laroche;Santé et beauté;614 Saint-Jacques LAVAL québec;1995-11-19
1993;Catherine;Bernier;Madame d'Aujourd'hui;738 SAINT-JACQUES ROUGEMONT québec;1996-05-18
1994;Manolis;Peltier;Idées Politiques;891 SAINT-JACQUES MONTREAL québec;1998-12-28
1995;Théofil;Levy;La semaine hebdo;930 Saint-Jacques OKA  québec;1999-11-19
1996;Dannie;Clement;Elle et Lui;728 Saint-Jacques MONTREAL québec;1999-12-27
1997;Théobaldo;Leclerc;Vedette Zone;575 SAINT-JACQUES MAGOG québec;2001-01-29
1998;Vanille;Girard;Monsieur sur son 36;582 Saint-Jacques KAMOURASKA québec;2001-11-07
1999;Darie;Garcia;La semaine hebdo;861 Saint-Jacques MONTREAL québec;2005-05-10
2000;Mathieu;Juteau;L'argent et vous;785 SAINT-JACQUES AUSTIN québec;2007-04-05
2001;Mallory;Guillaume;Santé et beauté;570 SAINT-JEAN-BAPTISTE Auriac Limousin France;1994-09-21
2002;Marc;Leger;La semaine hebdo;651 SAINT-JEAN-BAPTISTE MONTREAL québec;1996-12-10
2003;Tancrède;Valentin;As et Joker;756 SAINT-JEAN-BAPTISTE ROSEMÈRE québec;1997-05-21
2004;Marie-Pierre;Bernier;Madame d'Aujourd'hui;1034 SAINT-JEAN-BAPTISTE LACOLLE québec;1998-02-16
2005;Déa;Barbe;L'argent et vous;749 SAINT-JEAN-BAPTISTE MONTREAL québec;2004-04-24
2006;Vida;Arnaud;L'argent et vous;694 SAINT-JEAN-BAPTISTE LYON Lyonnais France;2008-12-04
2007;Marc;Navarro;Idées Politiques;896 SAINT-JOSEPH LYON Lyonnais France;1998-01-30
2008;Fanfan;Blanc;Elles et elle;737 SAINT-JOSEPH LAC-MÉGANTIC québec;2000-03-02
2009;Malcom;Martinez;Chasse et pêche Laurentienne;849 SAINT-JOSEPH MONTREAL québec;2001-11-15
2010;Magaly;Bisson;Madame d'Aujourd'hui;546 SAINT-JOSEPH MONTREAL québec;2003-12-20
2011;Teddie;Marchand;Chasse et pêche Laurentienne;838 SAINT-JOSEPH AUCLAIR québec;2005-06-18
2012;Fauste;Coulon;La famille;642 SAINT-JOSEPH ROSEMÈRE québec;2005-07-21
2013;Talha;Lemaitre;La semaine hebdo;779 Saint-Laurent MONTREAL québec;1991-01-05
2014;Violène;Arnaud;L'argent et vous;566 SAINT-LAURENT MONTREAL québec;1993-10-30
2015;Caroline;Desjardins;Santé et beauté;843 SAINT-LAURENT LACHUTE québec;1994-05-31
2016;Paulien;Petit;Idées Politiques;1019 Saint-Laurent GRANBY québec;1996-06-19
2017;Béryl;Fortier;La semaine hebdo;698 Saint-Laurent NORMÉTAL québec;1998-03-17
2018;Marc;Schneider;Camping;669 SAINT-LAURENT PARIS ontario;2000-12-08
2019;Fadhila;Allain;L'argent et vous;756 SAINT-LAURENT ROQUEMAURE québec;2001-07-31
2020;Peron;Menard;Chasse et pêche Laurentienne;961 SAINT-LAURENT LYON Lyonnais France;2002-05-22
2021;Mamoudou;St-Amour;Camping;902 Saint-Laurent LAVAL québec;2005-07-06
2022;Vannessa;Gaillard;La semaine hebdo;577 Saint-Laurent MONTREAL québec;2005-09-18
2023;Amélie;Fortier;La semaine hebdo;627 SAINT-LAURENT Aubazines Limousin France;2006-08-24
2024;Damia;Dandurand;La famille;896 SALABERRY LAVAL québec;1993-11-06
2025;Varsénik;Girard;Monsieur sur son 36;639 SALABERRY MONTREAL québec;1993-11-15
2026;Fant;Bernier;Madame d'Aujourd'hui;612 SALABERRY MONTREAL québec;1998-06-07
2027;Fanny;Carlier;Elle et Lui;651 SALABERRY SAINT-ANDRÉ-D'ARGENTEUIL québec;2000-07-07
2028;Alarig;Monnier;Idées Politiques;920 SALABERRY MILLE-ISLES québec;2001-10-09
2029;Benedite;Coallier;La famille;1006 SALABERRY BEDFORD québec;2005-06-22
2030;Bastianne;Bernard;Madame d'Aujourd'hui;739 Sapins MONTREAL québec;1997-10-08
2031;Catherine;Bélanger;L'argent et vous;617 Sapins OKA  québec;1998-08-22
2032;Pat;Vidal;As et Joker;817 Sapins LAVAL québec;1999-03-29
2033;Géraldy;Julien;L'argent et vous;690 Sapins MONTREAL québec;2004-11-14
2034;Adelan;Guillon;L'argent et vous;914 Sapins HÉROUXVILLE québec;2006-03-20
2035;Pelegrin;Petit;Idées Politiques;869 Saules LAVAL québec;1991-08-02
2036;Baptistine;Coallier;La famille;1004 Saules NOTRE-DAME-DES-NEIGES québec;1994-05-22
2037;Victoriana;Bonnet;Elles et elle;1039 Saules MONTREAL québec;1997-11-17
2038;Ghislain;Sanchez;Camping;856 Saules GRENVILLE québec;2002-07-12
2039;Violet;Dandurand;La famille;893 Saules MONTREAL québec;2004-05-30
2040;Addison;Poirier;Monsieur sur son 36;804 SAUVE MONTREAL québec;1990-08-15
2041;Marie-Pierre;Bureau;Elle et Lui;836 SAUVE MILLE-ISLES québec;1994-03-04
2042;Farrah;Blanchard;Elles et elle;976 SAUVE BEDFORD québec;1995-08-02
2043;Abert;Maisonneuve;Chasse et pêche Laurentienne;947 SAUVE LATULIPE québec;1998-10-23
2044;Alain;Roux;Camping;858 SAUVE SAINT-ANDRÉ-D'ARGENTEUIL québec;2003-10-09
2045;Télesphore;Juteau;L'argent et vous;912 SAUVE MONTREAL québec;2007-10-25
2046;Maëlig;Coallier;Elle et Lui;833 SHERBROOKE MILLE-ISLES québec;1993-05-23
2047;Paquito;Langevin;L'argent et vous;582 SHERBROOKE MONTREAL québec;1997-11-24
2048;Marc;Martinez;Chasse et pêche Laurentienne;988 SHERBROOKE MONTREAL québec;1998-12-09
2049;Bernadeto;Bureau;Elle et Lui;990 SHERBROOKE L'ASSOMPTION  québec;2000-09-21
2050;Malou;Lacombe;L'argent et vous;882 SHERBROOKE Beaumont Limousin France;2003-04-29
2051;Paul-Emile;Rodriguez;Monsieur sur son 36;975 SHERBROOKE SAINT-ANACLET-DE-LESSARD québec;2005-03-17
2052;Daliane;Dandurand;La famille;698 Tremblay MONTREAL québec;1990-06-07
2053;Danila;Clement;Elle et Lui;862 Tremblay NOMININGUE québec;1992-02-21
2054;Patrick;Verdier;As et Joker;774 Tremblay GRANBY québec;1998-04-16
2055;Vianca;Da;La famille;834 Tremblay MONTREAL québec;2006-05-04
2056;Baudoine;Bureau;Elle et Lui;556 Tremblay LAVAL québec;2008-09-27
2057;Madeleine;Dandurand;La famille;897 Trembles GRENVILLE-SUR-LA-ROUGE québec;1993-10-20
2058;Mamert;Pelletier;Idées Politiques;782 Trembles MONTREAL québec;1996-03-30
2059;Mahaud;Dandurand;La famille;712 Trembles LAVAL québec;1999-08-25
2060;Pablo;Tanguy;Camping;767 Trembles MONTREAL québec;2002-01-05
2061;Peterus;Weber;As et Joker;934 Trembles NOYAN québec;2005-01-20
2062;Alberik;Leblanc;Vedette Zone;786 UNIVERSITY MONTREAL québec;1990-05-22
2063;Maëlenn;Giraud;As et Joker;563 UNIVERSITY RIVIÈRE-ROUGE québec;1990-09-12
2064;Isabelle;Devaux;Santé et beauté;906 UNIVERSITY Astaillac Limousin France;1996-06-13
2065;Maëlys;Bigot;Madame d'Aujourd'hui;624 UNIVERSITY MONTREAL québec;2002-04-28
2066;Marc-Antoine;Laine;L'argent et vous;937 UNIVERSITY LYON Lyonnais France;2003-09-19
2067;Bernice;Bisson;Elles et elle;1008 UNIVERSITY LACHUTE québec;2004-01-04
2068;Albain;Roux;Camping;725 UPPER-LACHINE MONTREAL québec;1990-09-21
2069;Maciej;Riviere;Monsieur sur son 36;969 UPPER-LACHINE RIVIÈRE-ROUGE québec;1992-10-30
2070;Alann;Langevin;La famille;907 UPPER-LACHINE LYON Lyonnais France;1997-05-28
2071;Fadia;Germain;Idées Politiques;670 UPPER-LACHINE MONTREAL québec;1998-01-07
2072;Victor-Emmanuel;Nguyen;Idées Politiques;992 UPPER-LACHINE LACHUTE québec;1999-08-11
2073;Victorienne;Bonnet;Elles et elle;584 UPPER-LACHINE ASBESTOS québec;2001-06-23
2074;Daïana;Chevalier;Elle et Lui;1039 VAN HORNE Arnac-pompadour Limousin France;1990-12-10
2075;Judith;Andre;L'argent et vous;720 VAN HORNE LACHUTE québec;1993-02-14
2076;Maeva;Benoit;L'argent et vous;954 VAN HORNE MONTREAL québec;1998-04-24
2077;Vilma;Boucher;Elles et elle;689 VAN HORNE RIVIÈRE-OUELLE québec;1999-01-30
2078;Germinal;Renaud;Monsieur sur son 36;713 VAN HORNE MONTREAL québec;2000-07-21
2079;Maena;Bazin;L'argent et vous;625 VAN HORNE LORRAINE québec;2004-02-14
2080;Fathy;Maisonneuve;Chasse et pêche Laurentienne;842 VERDUN MONTREAL québec;1999-01-08
2081;Manu;Lacroix;L'argent et vous;708 VERDUN MONTREAL québec;1999-03-10
2082;Petri;Weber;As et Joker;669 VERDUN LACHUTE québec;2000-10-03
2083;Yan;Schneider;Camping;935 VERDUN LORRAINE québec;2005-05-17
2084;Adélard;Leclerc;La semaine hebdo;760 VERDUN Argentat Limousin France;2005-06-28
2085;Ted;St-Amour;Camping;553 VERDUN RIVIÈRE-DU-LOUP québec;2006-09-07
2086;Benjamine;Bureau;Elle et Lui;570 VIAU MONTREAL québec;1991-12-10
2087;Magali;Bureau;Elles et elle;949 VIAU AMOS québec;1992-07-15
2088;Amélie;Chauvin;Elle et Lui;636 VIAU RIVIÈRE-BLEUE québec;1995-06-18
2089;Magdaline;Dumas;Santé et beauté;572 VIAU MONTREAL québec;1996-06-25
2090;Mamadou;Lopez;La semaine hebdo;859 VIAU LACHUTE québec;2004-06-27
2091;Fathia;Caron;Elle et Lui;820 VIAU LORRAINE québec;2005-03-09
2092;Belita;Bernier;Madame d'Aujourd'hui;631 VICTORIA Ambrugeat Limousin France;1990-08-28
2093;Madih;Levy;La semaine hebdo;662 VICTORIA MONTREAL québec;1996-10-16
2094;Valène;Dandurand;La famille;706 VICTORIA LORRAINE québec;1999-12-12
2095;Vivian;Juteau;L'argent et vous;649 VICTORIA MONTREAL québec;2002-06-05
2096;Verena;Couturier;La famille;759 VICTORIA RIMOUSKI  québec;2005-10-10
2097;Belle;Denis;Santé et beauté;585 VICTORIA LACHENAIE  québec;2008-12-14
2098;Patrick;Maisonneuve;Chasse et pêche Laurentienne;878 VIGER LAC-DROLET québec;1992-08-01
2099;Isabelle;Fortier;Vedette Zone;551 VIGER RIMOUSKI  québec;1992-09-06
2100;Amélie;Desjardins;Santé et beauté;942 VIGER MONTREAL québec;1994-03-06
2101;Bastiane;Adam;L'argent et vous;825 VIGER Altillac Limousin France;2005-09-02
2102;Madin;Daniel;La famille;946 VIGER LORRAINE québec;2007-10-04
2103;Fatih;Gonzalez;Elle et Lui;822 VIGER MONTREAL québec;2009-02-05
2104;Violette;Bouchet;Elles et elle;921 VILLERAY RIGAUD québec;1990-07-29
2105;Isabelle;Dupond;Vedette Zone;786 VILLERAY MONTREAL québec;1994-05-22
2106;Teodosio;Laporte;Santé et beauté;612 VILLERAY LORRAINE québec;2000-06-18
2107;Davida;Bailly;L'argent et vous;811 VILLERAY MONTREAL québec;2001-01-29
2108;Febo;Carpentier;Elle et Lui;817 VILLERAY LAC-DES-AIGLES québec;2002-03-20
2109;Danie;Chevallier;Elle et Lui;665 VILLERAY Alleyrat Limousin France;2008-11-15
2110;Catherine;Coallier;Elle et Lui;592 WELLINGTON Allassac Limousin France;1995-03-09
2111;Mathieu;Tanguy;Camping;638 WELLINGTON MONTREAL québec;1997-04-07
2112;Vanessa;Charles;Elle et Lui;572 WELLINGTON LAC-BROME québec;1997-08-05
2113;Georgio;Lefevre;La semaine hebdo;854 WELLINGTON MONTREAL québec;2002-10-17
2114;Aboubacar;Maisonneuve;Chasse et pêche Laurentienne;1008 WELLINGTON LONGUEUIL québec;2005-04-25
2115;Caroline;Girard;Idées Politiques;723 WELLINGTON RICHMOND québec;2008-12-15
2116;Tao;Simon;Camping;865 WINDSOR LAC-AUX-SABLES québec;1993-10-29
2117;Félicienne;Cousin;La famille;931 WINDSOR MONTREAL québec;1999-10-20
2118;Tarik;Simon;Camping;600 WINDSOR MONTREAL québec;2006-05-30
2119;Isabelle;Bureau;Elle et Lui;865 WINDSOR Albussac Limousin France;2006-06-04
2120;Maalik;Marin;Chasse et pêche Laurentienne;917 WINDSOR L'ISLE-VERTE québec;2007-08-27
2121;Catherine;Fortier;La semaine hebdo;694 WINDSOR RICHELIEU québec;2007-11-30
2122;Amélie;Bisson;Elles et elle;865 YOUVILLE LES CÈDRES québec;1993-04-23
2123;Théodose;St-Amour;Camping;947 YOUVILLE MONTREAL québec;1993-12-16
2124;Peregrino;Thierry;Camping;610 YOUVILLE LAC-AUX-SABLES québec;1994-11-21
2125;Paskoal;Marty;Chasse et pêche Laurentienne;931 YOUVILLE REPENTIGNY   québec;1995-07-11
2126;Maëlyne;Bigot;Madame d'Aujourd'hui;758 YOUVILLE Albignac Limousin France;2007-08-15
2127;Marc;Hebert;L'argent et vous;611 YOUVILLE MONTREAL québec;2008-02-23
